店名,住所,緯度,経度,開始,終了,点数,レビュー数,URL
Organic Deli. Katayama,川崎市幸区 古市場1-34 Kawasaki,35.553059399999995,139.68305159999997,09:00,20:30,4.5,165.0,https://www.ubereats.com/jp/yokohama/food-delivery/organic-deli-katayama/gEuIADgaS8Cv1mmtRGzYPw
らっきょ＆Star Rakkyo and Star,らっきょ＆star 1F Yokohama-Shi Kanagawa-ken,35.53794,139.635334,11:30,21:30,4.6,87.0,https://www.ubereats.com/jp/yokohama/food-delivery/%E3%82%89%E3%81%A3%E3%81%8D%E3%82%87%26star-rakkyo-and-star/pf6cu3HlRuaNNLMRNvM_Mg
串カツ田中 武蔵小杉店 Kushikatsu Tanaka Musashikosugi,神奈川県川崎市中原区新丸子東2-924-8 Kanagawa,35.577140500000006,139.6610285,12:00,23:59,4.4,69.0,https://www.ubereats.com/jp/yokohama/food-delivery/%E4%B8%B2%E3%82%AB%E3%83%84%E7%94%B0%E4%B8%AD-%E6%AD%A6%E8%94%B5%E5%B0%8F%E6%9D%89%E5%BA%97-kushikatsu-tanaka-musashikosugi/2hLkihniRvmYdD3RBKLjaQ
ぽんぽこ本°舗 PonpokoPonpo,2 Chome-36-13 Minamikase Saiwai-Ku Kawasaki-Shi Kanagawa-ken,35.5459958,139.6604461,10:45,21:45,4.6,148.0,https://www.ubereats.com/jp/yokohama/food-delivery/%E3%81%BB%E3%82%93%E3%81%BB%E3%81%93%E6%9C%AC%E8%88%97-ponpokoponpo/hsn3D7NwTzGiHtgGVZgTsQ
ピッツェリア レジスタ Pizzeria Regista,2 Chome-2-11 Hiyoshi Kōhoku-Ku サン日吉1F Yokohama-Shi Kanagawa-ken,35.554328000000005,139.646528,11:00,23:00,4.4,88.0,https://www.ubereats.com/jp/yokohama/food-delivery/%E3%83%92%E3%83%83%E3%83%84%E3%82%A7%E3%83%AA%E3%82%A2-%E3%83%AC%E3%82%B7%E3%82%B9%E3%82%BF-pizzeria-regista/oZHvDRP-TgG3tO4pFLjIuA
銀だこ 鉄板道場 綱島店 Gindaco Teppan Dojo Tsunashima,1 Chome-9-9 Tsunashimanishi Kōhoku-Ku ダイヤモンドビル1 1F Yokohama-Shi Kanagawa-ken,35.5368643,139.6328905,11:30,22:00,4.4,194.0,https://www.ubereats.com/jp/yokohama/food-delivery/%E9%8A%80%E3%81%9F%E3%81%93-%E9%89%84%E6%9D%BF%E9%81%93%E5%A0%B4-%E7%B6%B1%E5%B3%B6%E5%BA%97-gindaco-teppan-dojo-tsunashima/h0h4umUcQKOvbq6utdp24A
デニーズ 綱島東店 Denny's TSUNASHIMAHIGASHI,神奈川県横浜市港北区綱島東２－７－３１,35.5411079,139.6398592,11:00,22:00,4.5,141.0,https://www.ubereats.com/jp/yokohama/food-delivery/%E3%83%86%E3%83%8B%E3%83%BC%E3%82%B9-%E7%B6%B1%E5%B3%B6%E6%9D%B1%E5%BA%97-dennys-tsunashimahigashi/Iy4Ff974Rz6kOaL0E1dyNA
焼肉 のんちゃん Yakiniku Nonchan,Nakahara-Ku Kizuki 2 Chome−5,35.56460409047,139.65488208423994,11:00,22:30,4.2,142.0,https://www.ubereats.com/jp/yokohama/food-delivery/%E7%84%BC%E8%82%89-%E3%81%AE%E3%82%93%E3%81%A1%E3%82%83%E3%82%93-yakiniku-nonchan/cNFo-EboRPGoyh8TLWczhw
銀座洋食三笠會舘武蔵小杉店 Ginza Yoshoku Mikasa Kaikan,2 Chome-276 Kosugimachi Nakahara-Ku Kawasaki-Shi Kanagawa-ken,35.577453999999996,139.656808,11:00,21:00,4.6,134.0,https://www.ubereats.com/jp/yokohama/food-delivery/%E9%8A%80%E5%BA%A7%E6%B4%8B%E9%A3%9F%E4%B8%89%E7%AC%A0%E6%9C%83%E8%88%98%E6%AD%A6%E8%94%B5%E5%B0%8F%E6%9D%89%E5%BA%97-ginza-yoshoku-mikasa-kaikan/hzTrEntDQVeTwhOD3Ui1hA
丼丸 武蔵新城店 donmaru musasisinjyouten,川崎市中原区 上新城2-6-14 志村ビル1F Kawasaki,35.5882376,139.6308443,11:00,21:00,4.5,165.0,https://www.ubereats.com/jp/yokohama/food-delivery/%E4%B8%BC%E4%B8%B8-%E6%AD%A6%E8%94%B5%E6%96%B0%E5%9F%8E%E5%BA%97-donmaru-musasisinjyouten/3ord5Bl9RyS1WmsC7UkVzw
サーティワン アイスクリーム 元住吉ブレーメン通り店 31 IceCream Motosumiyoshi Bremen-dori,神奈川県川崎市中原区木月３ー６ー２３,35.565465100000004,139.6506534,11:30,20:30,4.7,42.0,https://www.ubereats.com/jp/yokohama/food-delivery/%E3%82%B5%E3%83%BC%E3%83%86%E3%82%A3%E3%83%AF%E3%83%B3-%E3%82%A2%E3%82%A4%E3%82%B9%E3%82%AF%E3%83%AA%E3%83%BC%E3%83%A0-%E5%85%83%E4%BD%8F%E5%90%89%E3%83%95%E3%83%AC%E3%83%BC%E3%83%A1%E3%83%B3%E9%80%9A%E3%82%8A%E5%BA%97-31-icecream-motosumiyoshi-bremen-dori/61mzZfTRS6W0eqnrKPc-0w
インドダイニングアリア Indian Dining Aria,Nakahara-Ku Kizuki 4 Chome−22 Kawasaki-Shi Kanagawa-ken,35.558363,139.657382,11:00,22:30,4.6,200.0,https://www.ubereats.com/jp/yokohama/food-delivery/%E3%82%A4%E3%83%B3%E3%83%88%E3%82%BF%E3%82%A4%E3%83%8B%E3%83%B3%E3%82%AF%E3%82%A2%E3%83%AA%E3%82%A2-indian-dining-aria/j53TCiGnTcWwU2GcqGPIPw
エビン 武蔵新城店 yabin musashishinjo,Nakahara-Ku Kamishinjō 2 Chome−6 Kawasaki-Shi Kanagawa-ken,35.58813320000001,139.6308301,10:45,22:30,4.6,176.0,https://www.ubereats.com/jp/yokohama/food-delivery/%E3%82%A8%E3%83%92%E3%83%B3-%E6%AD%A6%E8%94%B5%E6%96%B0%E5%9F%8E%E5%BA%97-yabin-musashishinjo/ZOpn0H8qSO2MyzA3D3QxNg
サパナマハル Sapana Mahal,3 Chome-13-30 Kizuki Nakahara-Ku 店舗 ２Ｆ,35.565278,139.64915,11:00,22:00,4.5,131.0,https://www.ubereats.com/jp/yokohama/food-delivery/%E3%82%B5%E3%83%8F%E3%83%8A%E3%83%9E%E3%83%8F%E3%83%AB-sapana-mahal/o8dBnKBkSPenQ1THw9L7rA
野郎ラーメン綱島店 Yaro Ramen Tsunashima,1 Chome-11-22 Tsunashimanishi Kōhoku-Ku Yokohama-Shi Kanagawa-ken,35.53687479999999,139.6338467,11:00,22:00,,,https://www.ubereats.com/jp/yokohama/food-delivery/%E9%87%8E%E9%83%8E%E3%83%A9%E3%83%BC%E3%83%A1%E3%83%B3%E7%B6%B1%E5%B3%B6%E5%BA%97-yaro-ramen-tsunashima/f04inyWhQQqpHmxltqF1QQ
牛タン圭助 武蔵小杉 Gyutan Keisuke MUSASHIKOSUGI,神奈川県川崎市中原区小杉町3-430-1,35.574352000000005,139.65854,14:00,23:00,4.4,238.0,https://www.ubereats.com/jp/yokohama/food-delivery/%E7%89%9B%E3%82%BF%E3%83%B3%E5%9C%AD%E5%8A%A9-%E6%AD%A6%E8%94%B5%E5%B0%8F%E6%9D%89-gyutan-keisuke-musashikosugi/lVAPMJMkRiGoMySlG0E90Q
海野屋 uminoya,港北区綱島西２－７－３０,35.53695327798801,139.6320290070374,12:00,21:00,,,https://www.ubereats.com/jp/yokohama/food-delivery/%E6%B5%B7%E9%87%8E%E5%B1%8B-uminoya/RKFwXNT-TAGI3vtmkCK5sA
大分中津 からあげ大臣 子母口店 Karaage Daijin SHIBOKUCHI,神奈川県川崎市高津区子母口496-1,35.5729162,139.6317033,11:00,21:00,,,https://www.ubereats.com/jp/yokohama/food-delivery/%E5%A4%A7%E5%88%86%E4%B8%AD%E6%B4%A5-%E3%81%8B%E3%82%89%E3%81%82%E3%81%91%E5%A4%A7%E8%87%A3-%E5%AD%90%E6%AF%8D%E5%8F%A3%E5%BA%97-karaage-daijin-shibokuchi/j1vGgApiQBajMO-AfY6fjw
エベレストキッチン EVEREST KITCHEN,Kamihirama Nakahara-Ku Kawasaki-Shi Kanagawa-ken,35.5603404,139.67367230000002,11:00,22:30,,,https://www.ubereats.com/jp/yokohama/food-delivery/%E3%82%A8%E3%83%98%E3%83%AC%E3%82%B9%E3%83%88%E3%82%AD%E3%83%83%E3%83%81%E3%83%B3-everest-kitchen/GoROWKG1Q9OOG_-xtRZAEA
ロッコマン 元住吉店 ROCCOMAN Motosumiyoshi,2 Chome-5-14 Kizuki Nakahara-Ku Kawasaki-Shi Kanagawa-ken,35.564609000000004,139.654913,11:30,23:00,,,https://www.ubereats.com/jp/yokohama/food-delivery/%E3%83%AD%E3%83%83%E3%82%B3%E3%83%9E%E3%83%B3-%E5%85%83%E4%BD%8F%E5%90%89%E5%BA%97-roccoman-motosumiyoshi/38unxV64RZaPHUfiIImfXw
腹ペコ Harapeko,693 Kitayachō Nakahara-Ku Kawasaki-Shi Kanagawa-Ken  Japan,35.5636899,139.6700864,11:00,23:00,,,https://www.ubereats.com/jp/yokohama/food-delivery/%E8%85%B9%E3%83%98%E3%82%B3-harapeko/5nFflewOQamARsk7zpu2yg
マナスル キッチン Manaslu Kitchen,川崎市高津区 新作3-16-7-102 石井ビル1F Kawasaki,35.587086299999996,139.6183705,11:00,21:00,,,https://www.ubereats.com/jp/yokohama/food-delivery/%E3%83%9E%E3%83%8A%E3%82%B9%E3%83%AB-%E3%82%AD%E3%83%83%E3%83%81%E3%83%B3-manaslu-kitchen/HBHf3LlySaS62oDSch-iMQ
グルン アジアン料理＆バー GURUNG ASIANRYOURI&BAR,6 Chome-3-5 Yakō Tsurumi-Ku Yokohama-Shi Kanagawa-ken,35.537383,139.6802,11:00,22:00,,,https://www.ubereats.com/jp/yokohama/food-delivery/%E3%82%AF%E3%83%AB%E3%83%B3-%E3%82%A2%E3%82%B7%E3%82%A2%E3%83%B3%E6%96%99%E7%90%86%26%E3%83%8F%E3%83%BC-gurung-asianryouri%26bar/K8LO4E7NTtWnReD54zh9uQ
小僧寿し 子母口店 Kozo Sushi SHIBOGUCHI,神奈川県川崎市高津区子母口496-1,35.5729162,139.6317033,10:30,20:30,,,https://www.ubereats.com/jp/yokohama/food-delivery/%E5%B0%8F%E5%83%A7%E5%AF%BF%E3%81%97-%E5%AD%90%E6%AF%8D%E5%8F%A3%E5%BA%97-kozo-sushi-shiboguchi/CC9l5P_ITA2yAzB0-N95Ug
ミソイ Misoy,1 Chome-6-2 Tsunashimahigashi Kōhoku-Ku Yokohama-Shi Kanagawa-Ken  Japan,35.53632,139.635199,11:30,19:30,,,https://www.ubereats.com/jp/yokohama/food-delivery/%E3%83%9F%E3%82%BD%E3%82%A4-misoy/QcWpUU6ETNKb0nsGa3LEkA
インドおつまみ シリス 元住吉店 Indian Snacks Shirish Motosumiyoshi,中原区木月３－８－２２ 鈴木水産ビルＢ１－Ｂ Kawasaki,35.565504,139.649158,11:00,22:30,,,https://www.ubereats.com/jp/yokohama/food-delivery/%E3%82%A4%E3%83%B3%E3%83%88%E3%81%8A%E3%81%A4%E3%81%BE%E3%81%BF-%E3%82%B7%E3%83%AA%E3%82%B9-%E5%85%83%E4%BD%8F%E5%90%89%E5%BA%97-indian-snacks-shirish-motosumiyoshi/7k_oIXXPR02C3VdZNrMenQ
シリス 元住吉店 Shirish Motosumiyoshi,Nakahara-Ku Kizuki 3 Chome−8 Kawasaki-Shi Kanagawa-ken,35.565504,139.649158,11:00,22:30,,,https://www.ubereats.com/jp/yokohama/food-delivery/%E3%82%B7%E3%83%AA%E3%82%B9-%E5%85%83%E4%BD%8F%E5%90%89%E5%BA%97-shirish-motosumiyoshi/esRDHyzyTbeDVsICyJ_Sww
華星 麺専門 Kasei Noodle Shop,横浜市港北区綱島西2-6-26 Yokohama,35.5365804,139.6327075,13:00,22:00,,,https://www.ubereats.com/jp/yokohama/food-delivery/%E8%8F%AF%E6%98%9F-%E9%BA%BA%E5%B0%82%E9%96%80-kasei-noodle-shop/C4Sotkg0STygFGkCGDr1QA
リップル Ripple,川崎市中原区 木月3-10-20  永塚ビル1F Kawasaki,35.565563299999994,139.6479591,10:00,18:30,4.7,21.0,https://www.ubereats.com/jp/yokohama/food-delivery/%E3%83%AA%E3%83%83%E3%83%95%E3%83%AB-ripple/o6QwO0EHRXCsY9zlK8uHbQ
博多名物 元祖肉肉うどん 平間 Ganso Nikuniku Udon Hirama,神奈川県川崎市中原区上平間1700-125 Kanagawa,35.559631599999996,139.6754851,11:00,21:00,,,https://www.ubereats.com/jp/yokohama/food-delivery/%E5%8D%9A%E5%A4%9A%E5%90%8D%E7%89%A9-%E5%85%83%E7%A5%96%E8%82%89%E8%82%89%E3%81%86%E3%81%A8%E3%82%93-%E5%B9%B3%E9%96%93-ganso-nikuniku-udon-hirama/BoP6ZXQKRVyIptmPLXB3Sg
ロッコマン 新丸子店 ROCCOMAN Shinmaruko,1 Chome-772-5 Shinmarukohigashi Nakahara-Ku Kawasaki-Shi Kanagawa-ken,35.580601,139.66225,11:30,23:00,4.4,12.0,https://www.ubereats.com/jp/yokohama/food-delivery/%E3%83%AD%E3%83%83%E3%82%B3%E3%83%9E%E3%83%B3-%E6%96%B0%E4%B8%B8%E5%AD%90%E5%BA%97-roccoman-shinmaruko/77pDX-gtQoSbqiE9wtXohA
なか卯 横浜駒岡店 Nakau Yokohama-Komaoka,神奈川県横浜市鶴見区駒岡2丁目4番33号,35.5254833,139.64908830000002,10:00,23:00,4.2,42.0,https://www.ubereats.com/jp/yokohama/food-delivery/%E3%81%AA%E3%81%8B%E5%8D%AF-%E6%A8%AA%E6%B5%9C%E9%A7%92%E5%B2%A1%E5%BA%97-nakau-yokohama-komaoka/aGCbdrlpS4yubh8fJWyeIA
オムライスのひまわり omuraisunohimawari,港北区綱島西1-17-10 Yokohama,35.53810870000001,139.6307644,11:00,21:00,4.5,57.0,https://www.ubereats.com/jp/yokohama/food-delivery/%E3%82%AA%E3%83%A0%E3%83%A9%E3%82%A4%E3%82%B9%E3%81%AE%E3%81%B2%E3%81%BE%E3%82%8F%E3%82%8A-omuraisunohimawari/0lVZAlhnTDSraM0xyS_g7Q
北海道唐揚げ えぞ丸 日吉店 Ezomaru Hiyoshi,1 Chome-1-10 Hiyoshihonchō Kōhoku-Ku Yokohama-Shi Kanagawa-ken,35.553703000000006,139.646319,11:00,20:30,4.6,77.0,https://www.ubereats.com/jp/yokohama/food-delivery/%E5%8C%97%E6%B5%B7%E9%81%93%E5%94%90%E6%8F%9A%E3%81%91-%E3%81%88%E3%81%9D%E4%B8%B8-%E6%97%A5%E5%90%89%E5%BA%97-ezomaru-hiyoshi/r4E9Emr1TPO2TH0fCIpOiA
binwan,中原区木月1-29-12  吉田店舗ビル１F Kawasaki,35.5658091,139.65149350000002,11:00,22:30,4.3,68.0,https://www.ubereats.com/jp/yokohama/food-delivery/binwan/aiEykDElT6y88qAxxm7ufw
ガスト 新川崎明津店  Gusto Shinkawasaki Akutsu,神奈川県川崎市高津区明津２３６－３,35.5670061,139.6376503,10:30,22:00,4.6,61.0,https://www.ubereats.com/jp/yokohama/food-delivery/%E3%82%AB%E3%82%B9%E3%83%88-%E6%96%B0%E5%B7%9D%E5%B4%8E%E6%98%8E%E6%B4%A5%E5%BA%97-gusto-shinkawasaki-akutsu/WH6mOH_ATIqVbsk8EgchdA
松乃家 武蔵新城店 Matsunoya Musashi Shinjo,神奈川県川崎市中原区新城5-1-3 フクシマビル,35.586835,139.629612,10:00,22:30,4.5,242.0,https://www.ubereats.com/jp/yokohama/food-delivery/%E6%9D%BE%E4%B9%83%E5%AE%B6-%E6%AD%A6%E8%94%B5%E6%96%B0%E5%9F%8E%E5%BA%97-matsunoya-musashi-shinjo/3Wq7aVYxRCaFrOHK8wVtRg
松屋 大倉山店  Matsuya Okurayama,神奈川県横浜市港北区大倉山3-1-28,35.5216352,139.6296163,10:00,22:30,4.5,47.0,https://www.ubereats.com/jp/yokohama/food-delivery/%E6%9D%BE%E5%B1%8B-%E5%A4%A7%E5%80%89%E5%B1%B1%E5%BA%97-matsuya-okurayama/j3FN-mlARiaKHJZSXWUpsA
パンの田島 綱島店 Pan no Tajima Tsunashima,神奈川県横浜市港北区綱島東1-1-18 松月鹿島ビル1F,35.5364854,139.63499019999998,09:00,19:00,4.7,231.0,https://www.ubereats.com/jp/yokohama/food-delivery/%E3%83%8F%E3%83%B3%E3%81%AE%E7%94%B0%E5%B3%B6-%E7%B6%B1%E5%B3%B6%E5%BA%97-pan-no-tajima-tsunashima/qXoHTbF8SxCdHK11E3H05A
ガスト 尻手駅前店 Gusto Shitte Ekimae,神奈川県横浜市鶴見区矢向４丁目４－６,35.5314225,139.6835472,10:30,22:00,4.6,48.0,https://www.ubereats.com/jp/yokohama/food-delivery/%E3%82%AB%E3%82%B9%E3%83%88-%E5%B0%BB%E6%89%8B%E9%A7%85%E5%89%8D%E5%BA%97-gusto-shitte-ekimae/PcWJA019Q4mPEu0si9cZPQ
かつや 川崎戸手店 Katsuya KAWASAKI TODE,神奈川県川崎市幸区戸手2-6,35.5467646,139.6926431,10:00,23:00,4.4,71.0,https://www.ubereats.com/jp/yokohama/food-delivery/%E3%81%8B%E3%81%A4%E3%82%84-%E5%B7%9D%E5%B4%8E%E6%88%B8%E6%89%8B%E5%BA%97-katsuya-kawasaki-tode/qjVjar80SH-70s_GxqrymA
キッチンオリジン 新丸子 Kitchen Origin Shinmaruko,神奈川県川崎市中原区新丸子町739番地 Kanagawa,35.5806919,139.6612956,10:00,22:00,4.3,71.0,https://www.ubereats.com/jp/yokohama/food-delivery/%E3%82%AD%E3%83%83%E3%83%81%E3%83%B3%E3%82%AA%E3%83%AA%E3%82%B7%E3%83%B3-%E6%96%B0%E4%B8%B8%E5%AD%90-kitchen-origin-shinmaruko/GfSr217DQfSl4Q_azGZAEg
オウルティー OWL TEA,3-Chōme-22-2 Kosugimachi Nakahara-Ku,35.573302399408284,139.65717506052536,12:00,21:00,4.6,373.0,https://www.ubereats.com/jp/yokohama/food-delivery/%E3%82%AA%E3%82%A6%E3%83%AB%E3%83%86%E3%82%A3%E3%83%BC-owl-tea/qbeU9y2SRQK3L3WwY6kBBw
すき家 武蔵中原店 Sukiya Musashinakahara,川崎市中原区上小田中4-2-1 Beans1F,35.581375799999996,139.6409824,09:00,23:59,4.6,46.0,https://www.ubereats.com/jp/yokohama/food-delivery/%E3%81%99%E3%81%8D%E5%AE%B6-%E6%AD%A6%E8%94%B5%E4%B8%AD%E5%8E%9F%E5%BA%97-sukiya-musashinakahara/nAfdxT6ySHWlKcGwkN0mEA
すき家 川崎木月店 Sukiya Kawasaki Kizuki,川崎市中原区木月3-53-7,35.5625096,139.64897539999998,09:00,23:59,4.5,191.0,https://www.ubereats.com/jp/yokohama/food-delivery/%E3%81%99%E3%81%8D%E5%AE%B6-%E5%B7%9D%E5%B4%8E%E6%9C%A8%E6%9C%88%E5%BA%97-sukiya-kawasaki-kizuki/Y1B0FEvWTEOLxAczg9YqwQ
吉野家 武蔵小杉南口店 Yoshinoya MUSASHIKOSUGI MINAMIGUCHI,神奈川県川崎市中原区小杉町3丁目441番26,35.574114806653,139.65861862475487,09:00,23:59,4.5,122.0,https://www.ubereats.com/jp/yokohama/food-delivery/%E5%90%89%E9%87%8E%E5%AE%B6-%E6%AD%A6%E8%94%B5%E5%B0%8F%E6%9D%89%E5%8D%97%E5%8F%A3%E5%BA%97-yoshinoya-musashikosugi-minamiguchi/j4_S_Oi7QkehwrExCdepQg
ケンタッキーフライドチキン 綱島店 Kentucky Fried Chicken Tsunashima,神奈川県横浜市港北区綱島西１−８−１,35.536769799999995,139.63363769999998,10:30,21:00,4.5,401.0,https://www.ubereats.com/jp/yokohama/food-delivery/%E3%82%B1%E3%83%B3%E3%82%BF%E3%83%83%E3%82%AD%E3%83%BC%E3%83%95%E3%83%A9%E3%82%A4%E3%83%88%E3%83%81%E3%82%AD%E3%83%B3-%E7%B6%B1%E5%B3%B6%E5%BA%97-kentucky-fried-chicken-tsunashima/zO8a2iWETWm0FYjThkeCYA
ケンタッキーフライドチキン 子母口店 Kentucky Fried Chicken SHIBOKUCHI,神奈川県川崎市高津区明津２００,35.568739,139.636728,10:30,21:00,4.5,200.0,https://www.ubereats.com/jp/yokohama/food-delivery/%E3%82%B1%E3%83%B3%E3%82%BF%E3%83%83%E3%82%AD%E3%83%BC%E3%83%95%E3%83%A9%E3%82%A4%E3%83%88%E3%83%81%E3%82%AD%E3%83%B3-%E5%AD%90%E6%AF%8D%E5%8F%A3%E5%BA%97-kentucky-fried-chicken-shibokuchi/KUtmdSTrQT2mupGRp8WmSA
ケンタッキーフライドチキン 武蔵新城店 Kentucky Fried Chicken MUSASHISHINNJOU,神奈川県川崎市中原区新城５−４−３,35.586289,139.629519,10:30,21:00,4.5,200.0,https://www.ubereats.com/jp/yokohama/food-delivery/%E3%82%B1%E3%83%B3%E3%82%BF%E3%83%83%E3%82%AD%E3%83%BC%E3%83%95%E3%83%A9%E3%82%A4%E3%83%88%E3%83%81%E3%82%AD%E3%83%B3-%E6%AD%A6%E8%94%B5%E6%96%B0%E5%9F%8E%E5%BA%97-kentucky-fried-chicken-musashishinnjou/LtyNbd5XTGWZBFbBqTXlZw
華屋与兵衛 港北日吉 Hanayayohei Kouhokuhiyoshi,横浜市港北区日吉6-1-15 Kanagawa,35.5460928,139.6520146,11:00,22:00,,,https://www.ubereats.com/jp/yokohama/food-delivery/%E8%8F%AF%E5%B1%8B%E4%B8%8E%E5%85%B5%E8%A1%9B-%E6%B8%AF%E5%8C%97%E6%97%A5%E5%90%89-hanayayohei-kouhokuhiyoshi/GMLnMm2hRyGZBXISwViN9w
一乃蔵 Ichinokura,神奈川県 横浜市 港北区 綱島西1-4-23 ソリスト綱島 1Ｆ Yokohama,35.5378073,139.6349679,12:00,17:00,4.7,14.0,https://www.ubereats.com/jp/yokohama/food-delivery/%E4%B8%80%E4%B9%83%E8%94%B5-ichinokura/tDqZooqwS9SPvRxhf05FEg
私のアジア 武蔵中原店 Watashi no Asia Musashinakahara,川崎市中原区 下小田中1-6-20 鹿島ビル1F Kawasaki,35.5810922,139.6388929,11:00,22:30,,,https://www.ubereats.com/jp/yokohama/food-delivery/%E7%A7%81%E3%81%AE%E3%82%A2%E3%82%B7%E3%82%A2-%E6%AD%A6%E8%94%B5%E4%B8%AD%E5%8E%9F%E5%BA%97-watashi-no-asia-musashinakahara/mRVCqDX1Q46LET2mT0rT_g
ナイン 綱島店 NINE Tsunashima,1 Chome-2-9 Tsunashimanishi Kōhoku-Ku Yokohama-Shi Kanagawa-Ken  Japan ゴールデンパーク第6吉田ビル 1F,35.537950200000004,139.6354986,10:30,21:30,,,https://www.ubereats.com/jp/yokohama/food-delivery/%E3%83%8A%E3%82%A4%E3%83%B3-%E7%B6%B1%E5%B3%B6%E5%BA%97-nine-tsunashima/KV4Sh4ztRGOWgTX-yO_D1g
インディアンハウス Indian House,Hisasue Takatsu-Ku Kawasaki-Shi Kanagawa-ken,35.565137,139.615241,11:00,22:00,,,https://www.ubereats.com/jp/yokohama/food-delivery/%E3%82%A4%E3%83%B3%E3%83%86%E3%82%A3%E3%82%A2%E3%83%B3%E3%83%8F%E3%82%A6%E3%82%B9-indian-house/OprzSq5iSoS8qWEcPDIqRw
サンマルクカフェ 綱島西 Saintmarccafe Tsunashima Nishi,神奈川県横浜市港北区綱島西2-6-17 Kanagawa,35.5362474,139.63242759999997,08:30,11:00,,,https://www.ubereats.com/jp/yokohama/food-delivery/%E3%82%B5%E3%83%B3%E3%83%9E%E3%83%AB%E3%82%AF%E3%82%AB%E3%83%95%E3%82%A7-%E7%B6%B1%E5%B3%B6%E8%A5%BF-saintmarccafe-tsunashima-nishi/_9LpGeSdQWWEMAtDTi_msQ
うさぎ＆みかん USAGI and MIKAN,川崎市高津区 明津188 Kawasaki,35.568031299999994,139.6352608,11:00,18:00,,,https://www.ubereats.com/jp/yokohama/food-delivery/%E3%81%86%E3%81%95%E3%81%8D%26%E3%81%BF%E3%81%8B%E3%82%93-usagi-and-mikan/bPHOHmKFTtOHDF8iWVm2Pw
ガネーサ Ganesa,Kōhoku-Ku Hiyoshihonchō 4 Chome−1 1F Yokohama-Shi Kanagawa-ken,35.547087,139.639531,11:00,21:30,4.6,34.0,https://www.ubereats.com/jp/yokohama/food-delivery/%E3%82%AB%E3%83%8D%E3%83%BC%E3%82%B5-ganesa/xkXK0s1ZSjCtDRc34JOf9w
ナイン 元住吉店 NINE Motosumiyoshi,1-Chōme-32-11 Kizuki Nakahara-Ku Kawasaki-Shi Kanagawa-Ken  Japan 日生ハイツ1F南,35.56475139999999,139.6525159,11:30,21:30,,,https://www.ubereats.com/jp/yokohama/food-delivery/%E3%83%8A%E3%82%A4%E3%83%B3-%E5%85%83%E4%BD%8F%E5%90%89%E5%BA%97-nine-motosumiyoshi/CRTlZO1OTeuERRexYcbdAA
カレーナロンキッチン - 矢向 Curry Nalon Kitchen - Yakou,Yakō 6 Chome−12 矢向6-12 ナロン 横浜市鶴見区 神奈川県,35.539287,139.678304,11:00,23:00,,,https://www.ubereats.com/jp/yokohama/food-delivery/%E3%82%AB%E3%83%AC%E3%83%BC%E3%83%8A%E3%83%AD%E3%83%B3%E3%82%AD%E3%83%83%E3%83%81%E3%83%B3-%E7%9F%A2%E5%90%91-curry-nalon-kitchen-yakou/RV_-nHQMT5aS404HJd8B9Q
一本堂 武蔵新城店 ＩＰＰＯＮＤＯＵ,中原区新城 1丁目15-6,35.5839890145518,139.63135640264346,11:00,18:30,,,https://www.ubereats.com/jp/yokohama/food-delivery/%E4%B8%80%E6%9C%AC%E5%A0%82-%E6%AD%A6%E8%94%B5%E6%96%B0%E5%9F%8E%E5%BA%97-ippondou/dYe1rM_tTfqulryWmeXr8w
ファミリーキッチン Family Kitchen,Yakō 6 Chome−12−3 Yokohama-Shi Kanagawa-ken,35.539252000000005,139.678276,11:00,23:00,,,https://www.ubereats.com/jp/yokohama/food-delivery/%E3%83%95%E3%82%A1%E3%83%9F%E3%83%AA%E3%83%BC%E3%82%AD%E3%83%83%E3%83%81%E3%83%B3-family-kitchen/TE3lJGHoStSw2sBYLy8q5g
牛かつ黒べこ 平間 Gyukatsu Kurobeko Hirama,神奈川県川崎市中原区上平間1700-125 Kanagawa,35.559631599999996,139.6754851,11:00,21:00,,,https://www.ubereats.com/jp/yokohama/food-delivery/%E7%89%9B%E3%81%8B%E3%81%A4%E9%BB%92%E3%81%B8%E3%81%93-%E5%B9%B3%E9%96%93-gyukatsu-kurobeko-hirama/CcaLIqSaS06Uc8vKZvnuwA
インド・ネパール ダイニング＆バー ニュープルニマ 駒岡店 Indian & Nepali Dining & Bar Purnima,鶴見区駒岡１－２７－４ Yokohama,35.5250189,139.6508797,11:00,23:00,4.1,14.0,https://www.ubereats.com/jp/yokohama/food-delivery/%E3%82%A4%E3%83%B3%E3%83%88%E3%83%BB%E3%83%8D%E3%83%8F%E3%83%BC%E3%83%AB-%E3%82%BF%E3%82%A4%E3%83%8B%E3%83%B3%E3%82%AF%26%E3%83%8F%E3%83%BC-%E3%83%8B%E3%83%A5%E3%83%BC%E3%83%95%E3%83%AB%E3%83%8B%E3%83%9E-%E9%A7%92%E5%B2%A1%E5%BA%97-indian-%26-nepali-dining-%26-bar-purnima/CoOHToKfQZGGEclY1OV32w
タイレストラン アロイ武蔵新城店 THAIRESUTAURANT AROI,中原区上新城２－６－１３  張本ビル１Ｆ Kanagawa,35.5881529,139.63083410000002,10:45,22:15,4.2,10.0,https://www.ubereats.com/jp/yokohama/food-delivery/%E3%82%BF%E3%82%A4%E3%83%AC%E3%82%B9%E3%83%88%E3%83%A9%E3%83%B3-%E3%82%A2%E3%83%AD%E3%82%A4%E6%AD%A6%E8%94%B5%E6%96%B0%E5%9F%8E%E5%BA%97-thairesutaurant-aroi/gGxrtnAaS1OKeONG53wCdA
博多黒カレー堂 Hakata Black Curry-Dou,神奈川県 川崎市 中原区 上平間 1700-125 Kanagawa,35.559631599999996,139.6754851,11:00,21:00,3.8,13.0,https://www.ubereats.com/jp/yokohama/food-delivery/%E5%8D%9A%E5%A4%9A%E9%BB%92%E3%82%AB%E3%83%AC%E3%83%BC%E5%A0%82-hakata-black-curry-dou/wtkKaWzMQnGxseLMofMzXw
グリルコーナー Grill Corner,6 Chome-12-3 Yakō Tsurumi-Ku Yokohama-Shi Kanagawa-ken,35.539274,139.678278,11:00,23:00,,,https://www.ubereats.com/jp/yokohama/food-delivery/%E3%82%AF%E3%83%AA%E3%83%AB%E3%82%B3%E3%83%BC%E3%83%8A%E3%83%BC-grill-corner/C8yEV--ER32c8mITW6F4hA
エスニック料理 ニュープルニマ Ethnic Food New Purnima,鶴見区駒岡１－２７－４ Yokohama,35.5250189,139.6508797,11:00,23:00,,,https://www.ubereats.com/jp/yokohama/food-delivery/%E3%82%A8%E3%82%B9%E3%83%8B%E3%83%83%E3%82%AF%E6%96%99%E7%90%86-%E3%83%8B%E3%83%A5%E3%83%BC%E3%83%95%E3%83%AB%E3%83%8B%E3%83%9E-ethnic-food-new-purnima/7bzMy8sDRXCljtuIR6nbdg
宅配どんぶり専門店 「シンプルis丼」 Simple is Don,日本、〒 神奈川県川崎市中原区上平間１３４０ 高橋ハイツ101,35.55760520364369,139.67668364879916,11:00,21:00,,,https://www.ubereats.com/jp/yokohama/food-delivery/%E5%AE%85%E9%85%8D%E3%81%A8%E3%82%93%E3%81%B5%E3%82%8A%E5%B0%82%E9%96%80%E5%BA%97-%E3%82%B7%E3%83%B3%E3%83%95%E3%83%ABis%E4%B8%BC-simple-is-don/pA4CAnY9QSysuUOum5estg
グラッチェガーデンズ 川崎木月店 Grazie Gardens Kawasaki Kizuki,神奈川県川崎市中原区木月４丁目３８－４ ビージェネテック２Ｆ,35.55907379999999,139.65264130000003,10:30,22:00,4.3,17.0,https://www.ubereats.com/jp/yokohama/food-delivery/%E3%82%AF%E3%83%A9%E3%83%83%E3%83%81%E3%82%A7%E3%82%AB%E3%83%BC%E3%83%86%E3%83%B3%E3%82%B9-%E5%B7%9D%E5%B4%8E%E6%9C%A8%E6%9C%88%E5%BA%97-grazie-gardens-kawasaki-kizuki/hTCzc94KRLCrDXKrjL3jjg
ナポリの窯 元住吉 Naporinokama Motosumiyoshi,神奈川県川崎市中原区井田中ﾉ町41-6 Kanagawa,35.563486299999994,139.6448727,11:00,22:00,4.5,51.0,https://www.ubereats.com/jp/yokohama/food-delivery/%E3%83%8A%E3%83%9B%E3%83%AA%E3%81%AE%E7%AA%AF-%E5%85%83%E4%BD%8F%E5%90%89-naporinokama-motosumiyoshi/8sTOD0idRyuv1cIo0Yh_fA
藍屋 武蔵小杉店  Aiya Musashi Kosugi,神奈川県川崎市中原区新丸子東３丁目１１５６－２,35.5736715,139.6617199,11:00,21:00,4.3,43.0,https://www.ubereats.com/jp/yokohama/food-delivery/%E8%97%8D%E5%B1%8B-%E6%AD%A6%E8%94%B5%E5%B0%8F%E6%9D%89%E5%BA%97-aiya-musashi-kosugi/pTRkmFZ4RfSbf2aud8VA4w
ローストビーフ野郎 Roast Beef Yaro,Yakō 6 Chome−12−3 Yokohama-Shi Kanagawa-ken,35.539252000000005,139.678276,11:00,23:00,,,https://www.ubereats.com/jp/yokohama/food-delivery/%E3%83%AD%E3%83%BC%E3%82%B9%E3%83%88%E3%83%92%E3%83%BC%E3%83%95%E9%87%8E%E9%83%8E-roast-beef-yaro/T0Q0SKbeS5G95D-44FeQog
ブッダム 綱島店 Buddham Asian Dining&Delivery Tsunashima,4 Chome-7-１３ Tsunashimanishi Kōhoku-Ku Yokohama-Shi Kanagawa-Ken  Japan,35.54153520000001,139.6274176,10:30,22:30,4.6,56.0,https://www.ubereats.com/jp/yokohama/food-delivery/%E3%83%95%E3%83%83%E3%82%BF%E3%83%A0-%E7%B6%B1%E5%B3%B6%E5%BA%97-buddham-asian-dining%26delivery-tsunashima/3j3ZcSBqTJKezQpUvVm6vQ
すき家 1国鶴見下末吉店 Sukiya 1 koku Tsurumi Shimo-Sueyoshi,横浜市鶴見区下末吉4-4-18 ｺｰﾎﾟ鶴石1f,35.5210568,139.6712776,09:00,23:59,,,https://www.ubereats.com/jp/yokohama/food-delivery/%E3%81%99%E3%81%8D%E5%AE%B6-1%E5%9B%BD%E9%B6%B4%E8%A6%8B%E4%B8%8B%E6%9C%AB%E5%90%89%E5%BA%97-sukiya-1-koku-tsurumi-shimo-sueyoshi/i-qbC1V0Qd2rR4qEMlAWCg
インドレストラン サガルマータ 日吉店 Indian Restaurant Sagarmatha Hiyoshi Store,神奈川県 横浜市 港北区 日吉 7-12-3 Kanagawa,35.5461284,139.65062580000003,11:00,22:00,4.5,108.0,https://www.ubereats.com/jp/yokohama/food-delivery/%E3%82%A4%E3%83%B3%E3%83%88%E3%83%AC%E3%82%B9%E3%83%88%E3%83%A9%E3%83%B3-%E3%82%B5%E3%82%AB%E3%83%AB%E3%83%9E%E3%83%BC%E3%82%BF-%E6%97%A5%E5%90%89%E5%BA%97-indian-restaurant-sagarmatha-hiyoshi-store/amaruQNVTumlUK3VqvVArg
イクミママのどうぶつドーナツ！ Ikumimama Animal Donuts,Nakahara-Ku Kizuki 3 Chome−6 モトスミコア Kawasaki-Shi Kanagawa-ken,35.565569,139.65082900000002,10:00,18:00,,,https://www.ubereats.com/jp/yokohama/food-delivery/%E3%82%A4%E3%82%AF%E3%83%9F%E3%83%9E%E3%83%9E%E3%81%AE%E3%81%A8%E3%81%86%E3%81%B5%E3%81%A4%E3%83%88%E3%83%BC%E3%83%8A%E3%83%84!-ikumimama-animal-donuts/Wbxb-076T2ifefItrHF3cQ
ヒマラヤ ダイニング＆バー 綱島店 Himaraya Dining&Bar,1 Chome-6-17 Tsunashimanishi Kōhoku-Ku Yokohama-Shi Kanagawa-Ken  Japan 2F,35.536972600000006,139.6344487,11:00,22:45,4.4,93.0,https://www.ubereats.com/jp/yokohama/food-delivery/%E3%83%92%E3%83%9E%E3%83%A9%E3%83%A4-%E3%82%BF%E3%82%A4%E3%83%8B%E3%83%B3%E3%82%AF%26%E3%83%8F%E3%83%BC-%E7%B6%B1%E5%B3%B6%E5%BA%97-himaraya-dining%26bar/VPl8YsIRSFmFi53gk78-tA
ココス 日吉 COCO'S Hiyoshi,横浜市港北区日吉7-13-7 Kanagawa,35.5460677,139.6515998,11:00,21:00,4.4,68.0,https://www.ubereats.com/jp/yokohama/food-delivery/%E3%82%B3%E3%82%B3%E3%82%B9-%E6%97%A5%E5%90%89-cocos-hiyoshi/WfKY7mpPTmCgkzVMVy41DQ
ジョナサン 綱島店 Jonathan's Tsunashima,神奈川県横浜市港北区箕輪町２丁目５－２５ プレイヤー日吉２Ｆ,35.544639000000004,139.643136,10:30,22:00,4.6,38.0,https://www.ubereats.com/jp/yokohama/food-delivery/%E3%82%B7%E3%83%A7%E3%83%8A%E3%82%B5%E3%83%B3-%E7%B6%B1%E5%B3%B6%E5%BA%97-jonathans-tsunashima/UT7RGfGhRzS1kHgAcA0dfA
とろけるハンバーグ 福よし Fukuyoshi Grill&Humburg,神奈川県 川崎市 中原区 上平間 1700-125 Kanagawa,35.559631599999996,139.6754851,11:00,21:00,4.5,21.0,https://www.ubereats.com/jp/yokohama/food-delivery/%E3%81%A8%E3%82%8D%E3%81%91%E3%82%8B%E3%83%8F%E3%83%B3%E3%83%8F%E3%83%BC%E3%82%AF-%E7%A6%8F%E3%82%88%E3%81%97-fukuyoshi-grill%26humburg/4nAcMEdWSAKzI_RiVOz7OA
ひととき Hitotoki,4 Chome-7-10 Shimodachō Kōhoku-Ku 久保寺ハイツ1階 B号 Yokohama-Shi Kanagawa-ken,35.558713,139.631232,11:45,17:00,5.0,15.0,https://www.ubereats.com/jp/yokohama/food-delivery/%E3%81%B2%E3%81%A8%E3%81%A8%E3%81%8D-hitotoki/kn6ybF3sQB6z7fUbu-0iKw
銀座コージーコーナー 綱島店 Ginza Cozy Corner Tsunashima,神奈川県横浜市港北区綱島西1-6-2 若泉ﾋﾞﾙ1F,35.536635700000005,139.6342555,10:00,20:00,4.9,14.0,https://www.ubereats.com/jp/yokohama/food-delivery/%E9%8A%80%E5%BA%A7%E3%82%B3%E3%83%BC%E3%82%B7%E3%83%BC%E3%82%B3%E3%83%BC%E3%83%8A%E3%83%BC-%E7%B6%B1%E5%B3%B6%E5%BA%97-ginza-cozy-corner-tsunashima/kmYaPqPETlmIpEoCQhqIsA
和食レストランとんでん 子母口店 Tonden Shiboguchi,神奈川県川崎市高津区子母口281-2,35.5722293,139.629937,11:00,21:00,4.5,26.0,https://www.ubereats.com/jp/yokohama/food-delivery/%E5%92%8C%E9%A3%9F%E3%83%AC%E3%82%B9%E3%83%88%E3%83%A9%E3%83%B3%E3%81%A8%E3%82%93%E3%81%A6%E3%82%93-%E5%AD%90%E6%AF%8D%E5%8F%A3%E5%BA%97-tonden-shiboguchi/YMZh_J6gRYCLzz1j6mVtwA
魚ダイニングJin sakana dining Jin,川崎市中原区新丸子東1-827 YM新丸子1F,35.58023652485256,139.66324782926563,12:30,23:55,4.6,32.0,https://www.ubereats.com/jp/yokohama/food-delivery/%E9%AD%9A%E3%82%BF%E3%82%A4%E3%83%8B%E3%83%B3%E3%82%AFjin-sakana-dining-jin/29-WznFeQI-VpQj6ZY7t-w
マハラジャ バグ Maharaja Bag,神奈川県横浜市港北区日吉本町1-24-4,35.55264052307759,139.6457766005272,11:00,21:00,,,https://www.ubereats.com/jp/yokohama/food-delivery/%E3%83%9E%E3%83%8F%E3%83%A9%E3%82%B7%E3%83%A3-%E3%83%8F%E3%82%AF-maharaja-bag/x4zbGpC-Q1aQ6hMOjdIRHw
新城テラス Shinjo-Terrace,Nakahara-Ku Kamishinjō 2 Chome−7 Kawasaki-Shi Kanagawa-ken,35.587996000000004,139.630511,10:00,16:00,4.8,20.0,https://www.ubereats.com/jp/yokohama/food-delivery/%E6%96%B0%E5%9F%8E%E3%83%86%E3%83%A9%E3%82%B9-shinjo-terrace/q2luYWUbTwKVsOO-cnkyyg
ハンバーグ&カレー ぷちっく Hamburger & Curry puchikku,川崎市高津区 千年22-11 Kawasaki,35.5722052,139.62349019999996,11:00,20:30,4.7,15.0,https://www.ubereats.com/jp/yokohama/food-delivery/%E3%83%8F%E3%83%B3%E3%83%8F%E3%83%BC%E3%82%AF%26%E3%82%AB%E3%83%AC%E3%83%BC-%E3%81%B5%E3%81%A1%E3%81%A3%E3%81%8F-hamburger-%26-curry-puchikku/NgsmSywKRDaE9dK_YJiDVA
和食さと 川崎等々力 Washoku Sato Kawasakitodoroki,神奈川県川崎市中原区宮内4-7-19 Kanagawa,35.5840971,139.64686880000002,11:00,21:00,4.0,36.0,https://www.ubereats.com/jp/yokohama/food-delivery/%E5%92%8C%E9%A3%9F%E3%81%95%E3%81%A8-%E5%B7%9D%E5%B4%8E%E7%AD%89%E3%80%85%E5%8A%9B-washoku-sato-kawasakitodoroki/hT04UgaDRFmBaZuSA8-v4A
ヒマラヤンカレーニルヴァーナ Himalayan Curry NIRVANA,Japan 〒 Kanagawa-Ken Kawasaki-Shi Saiwai-Ku Kashimada 1 Chome−18−6 KSビル 2F,35.55102520000001,139.6757199,11:00,23:00,4.4,22.0,https://www.ubereats.com/jp/yokohama/food-delivery/%E3%83%92%E3%83%9E%E3%83%A9%E3%83%A4%E3%83%B3%E3%82%AB%E3%83%AC%E3%83%BC%E3%83%8B%E3%83%AB%E3%82%A6%E3%82%A1%E3%83%BC%E3%83%8A-himalayan-curry-nirvana/QTSFfGZ8Rhiaep3wpScEyw
丼専門店丼ライダー BOWL RIDER,神奈川県横浜市港北区下田町4-9-6 第一吉原ハイツ2号 Kanagawa,35.5582689,139.62925280000002,11:00,22:00,,,https://www.ubereats.com/jp/yokohama/food-delivery/%E4%B8%BC%E5%B0%82%E9%96%80%E5%BA%97%E4%B8%BC%E3%83%A9%E3%82%A4%E3%82%BF%E3%83%BC-bowl-rider/pF5prEyoT7SDhkDfOjYtxw
サイキッチン SAIKITCHEN,2-Chōme-25-5 Tsunashimanishi Kohoku Ward Yokohama Kanagawa  Japan 1F,35.536371,139.62717419999998,11:00,15:00,4.5,40.0,https://www.ubereats.com/jp/yokohama/food-delivery/%E3%82%B5%E3%82%A4%E3%82%AD%E3%83%83%E3%83%81%E3%83%B3-saikitchen/Oob_uzCsTJ-Wl3SyKv5igQ
（ハラル）インド・パキスタン料理専門店 パンジャビ ダバ （HALAL） Indian&PakistanRestaurant Punjabi Dhaba,川崎市中原区 小杉町1-519 田原ビル1F Kawasaki,35.579097,139.659222,11:00,22:00,4.7,101.0,https://www.ubereats.com/jp/yokohama/food-delivery/%E3%83%8F%E3%83%A9%E3%83%AB%E3%82%A4%E3%83%B3%E3%83%88%E3%83%BB%E3%83%8F%E3%82%AD%E3%82%B9%E3%82%BF%E3%83%B3%E6%96%99%E7%90%86%E5%B0%82%E9%96%80%E5%BA%97-%E3%83%8F%E3%83%B3%E3%82%B7%E3%83%A3%E3%83%92-%E3%82%BF%E3%83%8F-halal-indian%26pakistanrestaurant-punjabi-dhaba/c5p_3_StTYiVuKxddl_K6A
カフェ いっすい Cafe Issui,1 Chome-18-17 Hiyoshihonchō Kōhoku-Ku Yokohama-Shi Kanagawa-Ken  Japan 2A,35.55370010000001,139.64485280000002,11:00,17:20,4.4,22.0,https://www.ubereats.com/jp/yokohama/food-delivery/%E3%82%AB%E3%83%95%E3%82%A7-%E3%81%84%E3%81%A3%E3%81%99%E3%81%84-cafe-issui/OmtHnH4jTwGqAo7ALZ8KBg
南インドダイニング ラニー South India Dining,神奈川県川崎市中原区北谷町46 さつきビル1F Tokyo,35.5619852,139.67097959999998,10:30,22:30,4.5,87.0,https://www.ubereats.com/jp/yokohama/food-delivery/%E5%8D%97%E3%82%A4%E3%83%B3%E3%83%88%E3%82%BF%E3%82%A4%E3%83%8B%E3%83%B3%E3%82%AF-%E3%83%A9%E3%83%8B%E3%83%BC-south-india-dining/zuP7KC68SGG6w2suk9Ltlg
本格インド料理&バー アグラ Agra,日本、〒 神奈川県横浜市港北区菊名６丁目１２−１２ 神奈川県,35.513542,139.632063,11:00,22:00,4.5,39.0,https://www.ubereats.com/jp/yokohama/food-delivery/%E6%9C%AC%E6%A0%BC%E3%82%A4%E3%83%B3%E3%83%88%E6%96%99%E7%90%86%26%E3%83%8F%E3%83%BC-%E3%82%A2%E3%82%AF%E3%83%A9-agra/ibJTWdJHTPeHMxYD41pKNg
フォルクス 鶴見寺尾店 VOLKS Tsurumi Terao,神奈川県横浜市鶴見区諏訪坂5-37,35.5156786,139.6662691,11:00,23:00,4.5,81.0,https://www.ubereats.com/jp/yokohama/food-delivery/%E3%83%95%E3%82%A9%E3%83%AB%E3%82%AF%E3%82%B9-%E9%B6%B4%E8%A6%8B%E5%AF%BA%E5%B0%BE%E5%BA%97-volks-tsurumi-terao/TzSHxMYrQRC8XGPH5XKgPQ
Sガスト 日吉店 S Gusto Hiyoshi,神奈川県横浜市港北区日吉本町１丁目３－２,35.5538196,139.645447,11:00,23:00,4.7,135.0,https://www.ubereats.com/jp/yokohama/food-delivery/s%E3%82%AB%E3%82%B9%E3%83%88-%E6%97%A5%E5%90%89%E5%BA%97-s-gusto-hiyoshi/0oBTOBHIQMuKPNGB0z1stQ
てっぱん。 Teppan.,5 Chome-4-12 Tsunashimanishi Kōhoku-Ku Yokohama-Shi Kanagawa-ken,35.545762700000004,139.62730469999997,11:30,21:00,4.4,59.0,https://www.ubereats.com/jp/yokohama/food-delivery/%E3%81%A6%E3%81%A3%E3%81%AF%E3%82%93%E3%80%82-teppan/TH8Pq_FeQ2icwFoUkJVtIw
はなまるうどん アピタテラス横浜綱島店 Hanamaru Udon APITA-TERRACE YOKOHAMA TSUNASHIMA,神奈川県横浜市港北区綱島東4-3-17 ｱﾋﾟﾀﾃﾗｽ横浜綱島2Fﾌｰﾄﾞｺｰﾄ Kanagawa,35.5423973,139.6418458,11:00,19:00,4.4,94.0,https://www.ubereats.com/jp/yokohama/food-delivery/%E3%81%AF%E3%81%AA%E3%81%BE%E3%82%8B%E3%81%86%E3%81%A8%E3%82%93-%E3%82%A2%E3%83%92%E3%82%BF%E3%83%86%E3%83%A9%E3%82%B9%E6%A8%AA%E6%B5%9C%E7%B6%B1%E5%B3%B6%E5%BA%97-hanamaru-udon-apita-terrace-yokohama-tsunashima/_FLIPbIGS7icc1pIm_rtSg
インドレストラン サガルマータ Indian Restaurant Sagarmatha,Saiwai-Ku Minamikase 1 Chome−10 Kawasaki-Shi Kanagawa-ken,35.545266,139.667181,11:00,22:00,4.6,27.0,https://www.ubereats.com/jp/yokohama/food-delivery/%E3%82%A4%E3%83%B3%E3%83%88%E3%83%AC%E3%82%B9%E3%83%88%E3%83%A9%E3%83%B3-%E3%82%B5%E3%82%AB%E3%83%AB%E3%83%9E%E3%83%BC%E3%82%BF-indian-restaurant-sagarmatha/OwuNgCf_SnySDFjAh7PD-g
タイ料理専門店ヒマラヤ 綱島店 Thaii Food Restaurant HIMARAYA Tsunashima,港北区綱島西1-6-17 2F Yokohama,35.5369506,139.6342755,10:00,20:45,4.4,79.0,https://www.ubereats.com/jp/yokohama/food-delivery/%E3%82%BF%E3%82%A4%E6%96%99%E7%90%86%E5%B0%82%E9%96%80%E5%BA%97%E3%83%92%E3%83%9E%E3%83%A9%E3%83%A4-%E7%B6%B1%E5%B3%B6%E5%BA%97-thaii-food-restaurant-himaraya-tsunashima/-APghoz5REWF8pOgAIdyrw
吉野家 日吉駅前店 Yoshinoya HIYOSHI-EKIMAE,神奈川県横浜市港北区日吉本町1-22-10,35.5531058,139.64622769999997,09:00,23:59,4.6,196.0,https://www.ubereats.com/jp/yokohama/food-delivery/%E5%90%89%E9%87%8E%E5%AE%B6-%E6%97%A5%E5%90%89%E9%A7%85%E5%89%8D%E5%BA%97-yoshinoya-hiyoshi-ekimae/T74mbAPKS3ytNRS55MhbQQ
銀座コージーコーナー 元住吉店 Ginza Cozy Corner Motosumiyoshi,神奈川県川崎市中原区木月1-26-11,35.5655036,139.6528315,10:00,20:30,4.7,49.0,https://www.ubereats.com/jp/yokohama/food-delivery/%E9%8A%80%E5%BA%A7%E3%82%B3%E3%83%BC%E3%82%B7%E3%83%BC%E3%82%B3%E3%83%BC%E3%83%8A%E3%83%BC-%E5%85%83%E4%BD%8F%E5%90%89%E5%BA%97-ginza-cozy-corner-motosumiyoshi/i1qfS74jRgGE8yqm9b_qDg
夢庵 南加瀬店 Yumean Minami Kase,神奈川県川崎市幸区南加瀬４丁目３０－１５,35.5420965,139.6613878,10:30,22:00,4.3,52.0,https://www.ubereats.com/jp/yokohama/food-delivery/%E5%A4%A2%E5%BA%B5-%E5%8D%97%E5%8A%A0%E7%80%AC%E5%BA%97-yumean-minami-kase/wtlknou6RZW-JNEBXt8gXg
ステーキガスト 横浜駒岡店 Steak Gusto Yokohama Komaoka,神奈川県横浜市鶴見区駒岡４丁目２９－５,35.5323926,139.6523195,11:00,22:00,4.6,215.0,https://www.ubereats.com/jp/yokohama/food-delivery/%E3%82%B9%E3%83%86%E3%83%BC%E3%82%AD%E3%82%AB%E3%82%B9%E3%83%88-%E6%A8%AA%E6%B5%9C%E9%A7%92%E5%B2%A1%E5%BA%97-steak-gusto-yokohama-komaoka/5QcUV1DIRXmVXHsNBTKRYA
華星 綱島店 Kasei Tunashima,横浜市港北区綱島西2-6-26 Yokohama,35.5365754,139.6326656,13:00,22:00,4.5,40.0,https://www.ubereats.com/jp/yokohama/food-delivery/%E8%8F%AF%E6%98%9F-%E7%B6%B1%E5%B3%B6%E5%BA%97-kasei-tunashima/-9pZ_S6CTaGdn5WYIpt5tQ
こだわりトンカツ 神楽 Tonkatsu KAGURA,神奈川県 川崎市 中原区 上平間 1700-125 Kanagawa,35.559631599999996,139.6754851,11:00,21:00,4.4,29.0,https://www.ubereats.com/jp/yokohama/food-delivery/%E3%81%93%E3%81%9F%E3%82%8F%E3%82%8A%E3%83%88%E3%83%B3%E3%82%AB%E3%83%84-%E7%A5%9E%E6%A5%BD-tonkatsu-kagura/FEOt3layRkSWhxwK410AcA
キーマーズ keemers,神奈川県横浜市港北区下田町4-9-6 第一吉原ハイツ2号 Kanagawa,35.5582689,139.62925280000002,11:00,22:00,4.8,16.0,https://www.ubereats.com/jp/yokohama/food-delivery/%E3%82%AD%E3%83%BC%E3%83%9E%E3%83%BC%E3%82%B9-keemers/TvuULDanS3aN7hE6gRxIFg
韓国熟成焼肉 コギヤ Koreanfood KOGIYA,神奈川県 川崎市 中原区 上平間 1700-125 Kanagawa,35.559631599999996,139.6754851,11:00,21:00,3.9,57.0,https://www.ubereats.com/jp/yokohama/food-delivery/%E9%9F%93%E5%9B%BD%E7%86%9F%E6%88%90%E7%84%BC%E8%82%89-%E3%82%B3%E3%82%AD%E3%83%A4-koreanfood-kogiya/cRpOHsn-TvK8oGbpOovEhw
ドゥルガー DURGA,Kōhoku-Ku Tarumachi 2 Chome−6 Yokohama-Shi Kanagawa-ken,35.5319775,139.6371595,11:00,22:00,4.6,25.0,https://www.ubereats.com/jp/yokohama/food-delivery/%E3%83%88%E3%82%A5%E3%83%AB%E3%82%AB%E3%83%BC-durga/4CB9qntbQuWCd44kRdm23Q
yabin 高田店 yabin Takataten,2 Chome-19-12 Takatanishi Kōhoku-Ku Yokohama-Shi Kanagawa-ken,35.551201,139.61659699999998,17:00,15:00,4.6,39.0,https://www.ubereats.com/jp/yokohama/food-delivery/yabin-%E9%AB%98%E7%94%B0%E5%BA%97-yabin-takataten/52lOZ9Y3REqRRaR98muOWQ
ピザハット 下新城 Pizza Hut SHIMOSHINNJOU,神奈川県川崎市中原区下新城２−６−１,35.578101399999994,139.6331639,11:00,22:00,4.6,165.0,https://www.ubereats.com/jp/yokohama/food-delivery/%E3%83%92%E3%82%B5%E3%83%8F%E3%83%83%E3%83%88-%E4%B8%8B%E6%96%B0%E5%9F%8E-pizza-hut-shimoshinnjou/sopRqEHlRpybq4IhG6S79w
串カツ田中 新川崎鹿島田店 Kushikatsu Tanaka Shin Kawasaki Kashimada,神奈川県川崎市幸区鹿島田1-4-59,35.5515412,139.67318899999998,12:00,23:15,4.6,139.0,https://www.ubereats.com/jp/yokohama/food-delivery/%E4%B8%B2%E3%82%AB%E3%83%84%E7%94%B0%E4%B8%AD-%E6%96%B0%E5%B7%9D%E5%B4%8E%E9%B9%BF%E5%B3%B6%E7%94%B0%E5%BA%97-kushikatsu-tanaka-shin-kawasaki-kashimada/2OYJsW-bTnWu4Dh0I1Sveg
どんぶり屋まぐろ大将 DONBURIYA MAGUROTAISHO,川崎市幸区 下平間205 エトワールアダチ 1F Kawasaki,35.5516616,139.6802402,11:30,21:00,4.6,56.0,https://www.ubereats.com/jp/yokohama/food-delivery/%E3%81%A8%E3%82%93%E3%81%B5%E3%82%8A%E5%B1%8B%E3%81%BE%E3%81%8F%E3%82%8D%E5%A4%A7%E5%B0%86-donburiya-magurotaisho/SRNa6aEuSkm6SOEB0dxD-w
ナマステヒマラヤ Namaste Himalaya,1 Chome-6-20 Shimokodanaka Nakahara-Ku Kawasaki-Shi Kanagawa-ken,35.581066,139.638923,11:00,22:30,4.4,73.0,https://www.ubereats.com/jp/yokohama/food-delivery/%E3%83%8A%E3%83%9E%E3%82%B9%E3%83%86%E3%83%92%E3%83%9E%E3%83%A9%E3%83%A4-namaste-himalaya/Wf9L2-91QXCAFdByzJb9VA
華星 飯類 Kasei Rice Shop,横浜市港北区綱島西2-6-26 Yokohama,35.5365804,139.6327075,13:00,22:00,4.9,65.0,https://www.ubereats.com/jp/yokohama/food-delivery/%E8%8F%AF%E6%98%9F-%E9%A3%AF%E9%A1%9E-kasei-rice-shop/agfbmbjiTpmGgXmiT7rvMA
バーミヤン 北寺尾店 Bamiyan Kitaterao,神奈川県横浜市鶴見区北寺尾２丁目１９－５０,35.5150224,139.6648466,10:30,22:00,4.4,34.0,https://www.ubereats.com/jp/yokohama/food-delivery/%E3%83%8F%E3%83%BC%E3%83%9F%E3%83%A4%E3%83%B3-%E5%8C%97%E5%AF%BA%E5%B0%BE%E5%BA%97-bamiyan-kitaterao/2mtYIc0rRCGRg5bWYaejiQ
すき家 駒岡店 Sukiya Komaoka,横浜市鶴見区駒岡1-27-4,35.5250189,139.6508797,09:00,23:59,4.8,20.0,https://www.ubereats.com/jp/yokohama/food-delivery/%E3%81%99%E3%81%8D%E5%AE%B6-%E9%A7%92%E5%B2%A1%E5%BA%97-sukiya-komaoka/rSC9t0VLQYm3u7pXFT1LlA
デニーズ 横浜樽町店 Denny's YOKOHAMATARUMACHI,神奈川県横浜市港北区樽町２－８－４１,35.53180089999999,139.63636259999998,11:00,22:00,4.3,27.0,https://www.ubereats.com/jp/yokohama/food-delivery/%E3%83%86%E3%83%8B%E3%83%BC%E3%82%B9-%E6%A8%AA%E6%B5%9C%E6%A8%BD%E7%94%BA%E5%BA%97-dennys-yokohamatarumachi/GYDsk3VvTVuhUA39ZQxneg
サーティワン アイスクリーム 武蔵中原マルエツ店 31 IceCream Musashinakahara Maruetsu,神奈川県川崎市中原区下小田中１ー２８ー１,35.5792816,139.639078,11:00,20:30,4.7,28.0,https://www.ubereats.com/jp/yokohama/food-delivery/%E3%82%B5%E3%83%BC%E3%83%86%E3%82%A3%E3%83%AF%E3%83%B3-%E3%82%A2%E3%82%A4%E3%82%B9%E3%82%AF%E3%83%AA%E3%83%BC%E3%83%A0-%E6%AD%A6%E8%94%B5%E4%B8%AD%E5%8E%9F%E3%83%9E%E3%83%AB%E3%82%A8%E3%83%84%E5%BA%97-31-icecream-musashinakahara-maruetsu/Ou3sTH0BQOuWiph99860kA
ガスト 港北新羽店 Gusto Kohoku Nippa,神奈川県横浜市港北区新羽町１６７５,35.5284732,139.6133928,10:30,22:00,4.6,34.0,https://www.ubereats.com/jp/yokohama/food-delivery/%E3%82%AB%E3%82%B9%E3%83%88-%E6%B8%AF%E5%8C%97%E6%96%B0%E7%BE%BD%E5%BA%97-gusto-kohoku-nippa/IGrYziwMSz6HqHSAlYdN9Q
キッチンオリジン 日吉中央通り店 Kitchen Origin Hiyoshichuodori,神奈川県横浜市港北区日吉本町1-16-20 Kanagawa,35.553887700000004,139.6440797,10:00,21:00,4.5,22.0,https://www.ubereats.com/jp/yokohama/food-delivery/%E3%82%AD%E3%83%83%E3%83%81%E3%83%B3%E3%82%AA%E3%83%AA%E3%82%B7%E3%83%B3-%E6%97%A5%E5%90%89%E4%B8%AD%E5%A4%AE%E9%80%9A%E3%82%8A%E5%BA%97-kitchen-origin-hiyoshichuodori/nWVRj3lxR-GgHArpgXaG-A
ナポリの窯 武蔵新城 Naporinokama Musashishinjo,神奈川県川崎市高津区新作6-9-41 Kanagawa,35.5864285,139.62820259999998,11:00,22:30,4.6,34.0,https://www.ubereats.com/jp/yokohama/food-delivery/%E3%83%8A%E3%83%9B%E3%83%AA%E3%81%AE%E7%AA%AF-%E6%AD%A6%E8%94%B5%E6%96%B0%E5%9F%8E-naporinokama-musashishinjo/Pnv8OzM-QzWPlV8D_xH_VQ
ラージマハル RAJMAHAL,神奈川県 川崎市 幸区 下平間287-1 プラムハイツ1F Kanagawa,35.5492886,139.681953,11:00,22:00,4.6,94.0,https://www.ubereats.com/jp/yokohama/food-delivery/%E3%83%A9%E3%83%BC%E3%82%B7%E3%83%9E%E3%83%8F%E3%83%AB-rajmahal/I7VsanE5RpSNziVmZ1sQsw
ロッコマン 日吉店 ROCCOMAN Hiyoshi,1 Chome-2-11 Hiyoshihonchō Kōhoku-Ku Yokohama-Shi Kanagawa-ken,35.554089000000005,139.64606899999998,11:30,23:00,4.5,15.0,https://www.ubereats.com/jp/yokohama/food-delivery/%E3%83%AD%E3%83%83%E3%82%B3%E3%83%9E%E3%83%B3-%E6%97%A5%E5%90%89%E5%BA%97-roccoman-hiyoshi/kA9W3LXVRzGZTmsrFuK4kw
麺処 誠信 Mendokoro Seishin,Tarumachi 2 Chome 1F Kōhoku-Ku Kanagawa-ken,35.531417,139.637349,11:00,22:30,4.4,69.0,https://www.ubereats.com/jp/yokohama/food-delivery/%E9%BA%BA%E5%87%A6-%E8%AA%A0%E4%BF%A1-mendokoro-seishin/QEmNSas5SMisXltVkVNa0A
"秘伝つぎたしダレの肉丼屋 肉タローJr.　Special source meat bowl, NIKUTARO Jr.",川崎市中原区 新丸子町743 昭和堂ビル1階,35.580078799999995,139.66068330000002,18:00,22:00,,,https://www.ubereats.com/jp/yokohama/food-delivery/%E7%A7%98%E4%BC%9D%E3%81%A4%E3%81%8D%E3%81%9F%E3%81%97%E3%82%BF%E3%83%AC%E3%81%AE%E8%82%89%E4%B8%BC%E5%B1%8B-%E8%82%89%E3%82%BF%E3%83%AD%E3%83%BCjr-special-source-meat-bowl-nikutaro-jr/X2es_PoNSDe0z0IftYIpVA
留香閣 RYUKOUKAKU,港北区綱島西1-6-8 Yokohama,35.53712260000001,139.63422649999998,11:00,22:30,4.6,86.0,https://www.ubereats.com/jp/yokohama/food-delivery/%E7%95%99%E9%A6%99%E9%96%A3-ryukoukaku/sG0XSoI0TTybcDQV0WFqcA
アロハチキン ALOHA CHICKEN,神奈川県横浜市港北区下田町4-9-6 第一吉原ハイツ2号 Kanagawa,35.5582689,139.62925280000002,11:00,22:00,3.8,13.0,https://www.ubereats.com/jp/yokohama/food-delivery/%E3%82%A2%E3%83%AD%E3%83%8F%E3%83%81%E3%82%AD%E3%83%B3-aloha-chicken/Zn_RJs74SM6I6vFdUF4OjQ
ヒマラヤ 大倉山店 Himalayas Okurayama,3 Chome-29-8 Ōkurayama Kōhoku-Ku Yokohama-Shi Kanagawa-Ken  Japan 1F,35.5217463,139.6280164,11:00,22:45,4.3,56.0,https://www.ubereats.com/jp/yokohama/food-delivery/%E3%83%92%E3%83%9E%E3%83%A9%E3%83%A4-%E5%A4%A7%E5%80%89%E5%B1%B1%E5%BA%97-himalayas-okurayama/0Prx-WYoRhCqbM7mwLhWvQ
マヤレストラン Maya Restaurant,中原区新丸子東２－９２６－１５  マノア武蔵小杉１階 Kawasaki,35.577078799999995,139.66279680000002,10:30,22:30,4.6,140.0,https://www.ubereats.com/jp/yokohama/food-delivery/%E3%83%9E%E3%83%A4%E3%83%AC%E3%82%B9%E3%83%88%E3%83%A9%E3%83%B3-maya-restaurant/ei3ueFRFTk6Jm_szMWNmNA
長崎ちゃんぽん リンガーハット 川崎野川店 Ringer Hut KAWASAKI-NOGAWA,神奈川県川崎市高津区野川２１８５,35.5687082,139.6155708,11:00,21:00,4.6,81.0,https://www.ubereats.com/jp/yokohama/food-delivery/%E9%95%B7%E5%B4%8E%E3%81%A1%E3%82%83%E3%82%93%E3%81%BB%E3%82%93-%E3%83%AA%E3%83%B3%E3%82%AB%E3%83%BC%E3%83%8F%E3%83%83%E3%83%88-%E5%B7%9D%E5%B4%8E%E9%87%8E%E5%B7%9D%E5%BA%97-ringer-hut-kawasaki-nogawa/opS5_RiqSIWwx9CPJykNLQ
タイ屋台居酒屋バカソウルアジア 武蔵小杉 Bakasoul Asia Musashi-Kosugi,中原区新丸子町915 Yokohama,35.5778875,139.6603141,12:00,22:30,4.3,63.0,https://www.ubereats.com/jp/yokohama/food-delivery/%E3%82%BF%E3%82%A4%E5%B1%8B%E5%8F%B0%E5%B1%85%E9%85%92%E5%B1%8B%E3%83%8F%E3%82%AB%E3%82%BD%E3%82%A6%E3%83%AB%E3%82%A2%E3%82%B7%E3%82%A2-%E6%AD%A6%E8%94%B5%E5%B0%8F%E6%9D%89-bakasoul-asia-musashi-kosugi/IWk0nAixTUW0s4scy5MXUw
極上 台湾飯 SPECIAL TAIWAN FOOD,神奈川県横浜市港北区下田町4-9-6 第一吉原ハイツ2号 Kanagawa,35.5582689,139.62925280000002,11:00,22:00,4.2,30.0,https://www.ubereats.com/jp/yokohama/food-delivery/%E6%A5%B5%E4%B8%8A-%E5%8F%B0%E6%B9%BE%E9%A3%AF-special-taiwan-food/WmSKh1uBQWyg74rqovhbbQ
ジョナサン 武蔵小杉店 Jonathan's Musashi Kosugi,神奈川県川崎市中原区小杉町３丁目１,35.573746500000006,139.657237,10:30,22:30,4.6,91.0,https://www.ubereats.com/jp/yokohama/food-delivery/%E3%82%B7%E3%83%A7%E3%83%8A%E3%82%B5%E3%83%B3-%E6%AD%A6%E8%94%B5%E5%B0%8F%E6%9D%89%E5%BA%97-jonathans-musashi-kosugi/8XJe1QlOT3GKm40xmSyE3w
うにいくら丼専門店 川崎 正堂 uniikuradon senmonten kawasaki syoudou,川崎市幸区 下平間205 エトワールアダチ 1F Yokohama,35.551826500000004,139.6798016,11:30,21:00,3.9,28.0,https://www.ubereats.com/jp/yokohama/food-delivery/%E3%81%86%E3%81%AB%E3%81%84%E3%81%8F%E3%82%89%E4%B8%BC%E5%B0%82%E9%96%80%E5%BA%97-%E5%B7%9D%E5%B4%8E-%E6%AD%A3%E5%A0%82-uniikuradon-senmonten-kawasaki-syoudou/gbvQreLPQDOu-Ygulx74SA
麺屋ゆるり。 Ramen YURURI。,日本、〒 神奈川県横浜市港北区大倉山１丁目１６−１ 神奈川県,35.520958,139.631147,11:30,23:00,4.5,97.0,https://www.ubereats.com/jp/yokohama/food-delivery/%E9%BA%BA%E5%B1%8B%E3%82%86%E3%82%8B%E3%82%8A%E3%80%82-ramen-yururi%E3%80%82/syDynf2mRsqYgpNCsMLRMg
パンジャビバーベキュー Punjabi BBQ,3-70-4 Kosugi-Tyo Nakahara-Ku Kawasaki-Shi Kanagawa,35.572958,139.65679440000002,11:00,23:00,4.6,125.0,https://www.ubereats.com/jp/yokohama/food-delivery/%E3%83%8F%E3%83%B3%E3%82%B7%E3%83%A3%E3%83%92%E3%83%8F%E3%83%BC%E3%83%98%E3%82%AD%E3%83%A5%E3%83%BC-punjabi-bbq/OTZ6Gj2JStOw4FrpxZudkQ
ニューナマステヒール向河原店 New Namaste Himal,川崎市中原区 下沼部1759  山本向河原第2ビル1F 2F Kawasaki,35.5732716,139.66768080000003,11:00,23:00,4.6,135.0,https://www.ubereats.com/jp/yokohama/food-delivery/%E3%83%8B%E3%83%A5%E3%83%BC%E3%83%8A%E3%83%9E%E3%82%B9%E3%83%86%E3%83%92%E3%83%BC%E3%83%AB%E5%90%91%E6%B2%B3%E5%8E%9F%E5%BA%97-new-namaste-himal/F_L_ixPlTUG8h70PiKSe-A
ＶＥＧＡＮ ＢＵＲＧＥＲ ＮＯＵＲＩＳＨ 新丸子店 VEGAN BURGER NOURISH Shinmaruko,1 Chome-５２６−２ Kosugimachi Nakahara-Ku 1F Kawasaki-Shi Kanagawa-ken,35.5800035,139.6595045,11:30,20:30,4.4,77.0,https://www.ubereats.com/jp/yokohama/food-delivery/vegan-burger-nourish-%E6%96%B0%E4%B8%B8%E5%AD%90%E5%BA%97-vegan-burger-nourish-shinmaruko/XwSwAR1STRWxsKTz6gZSrA
アジアンダイニングアムリット Asian Dinning AMRIT,Kitayachō Nakahara-Ku Kawasaki-Shi Kanagawa-ken,35.561679,139.671067,11:00,23:00,4.6,131.0,https://www.ubereats.com/jp/yokohama/food-delivery/%E3%82%A2%E3%82%B7%E3%82%A2%E3%83%B3%E3%82%BF%E3%82%A4%E3%83%8B%E3%83%B3%E3%82%AF%E3%82%A2%E3%83%A0%E3%83%AA%E3%83%83%E3%83%88-asian-dinning-amrit/ht6TWrH6Q6u1YvlIlAjaHg
CONA元住吉店 CONA MOTOSUMIYOSHI,神奈川県川崎市中原区木月2-5-14 KMGビルB画 Tokyo,35.5645736,139.6548094,11:30,21:30,3.9,30.0,https://www.ubereats.com/jp/yokohama/food-delivery/cona%E5%85%83%E4%BD%8F%E5%90%89%E5%BA%97-cona-motosumiyoshi/Z0uV-pl0QZe7r8IHy8yXPA
かっぱ寿司  川崎市ノ坪店 Kappa Sushi Kawasaki Ichinotsubo,581 Ichinotsubo Nakahara-Ku Kawasaki Kanagawa  Japan,35.56157349999999,139.6688569,12:00,21:00,4.5,161.0,https://www.ubereats.com/jp/yokohama/food-delivery/%E3%81%8B%E3%81%A3%E3%81%AF%E5%AF%BF%E5%8F%B8-%E5%B7%9D%E5%B4%8E%E5%B8%82%E3%83%8E%E5%9D%AA%E5%BA%97-kappa-sushi-kawasaki-ichinotsubo/PvsIj2-4QimqT8844frQBw
ロッティーズ Rottie’s,Tsurumi-Ku Yakō 6 Chome−13 Yokohama-Shi Kanagawa-ken,35.53863,139.679,10:00,18:00,4.8,57.0,https://www.ubereats.com/jp/yokohama/food-delivery/%E3%83%AD%E3%83%83%E3%83%86%E3%82%A3%E3%83%BC%E3%82%B9-rotties/ZF7a-oyWS5mc6-V08N2siA
粥や佐藤 kayuya Sato,川崎市中原区小杉町3-442-3  都月ビル 2F Tokyo,35.5733771,139.6582369,10:00,20:00,4.6,112.0,https://www.ubereats.com/jp/yokohama/food-delivery/%E7%B2%A5%E3%82%84%E4%BD%90%E8%97%A4-kayuya-sato/fWBq4BLhSp6S0eTpU3ua9g
ザ ベジタリアン ブッチャー デリバリー ムサシコスギテン The Vegetarian Butcher Delivery musashikosugi,日本、〒 神奈川県川崎市中原区小杉町３丁目４４２−１５,35.57361260345586,139.65793423188308,11:30,22:00,4.6,19.0,https://www.ubereats.com/jp/yokohama/food-delivery/%E3%82%B5-%E3%83%98%E3%82%B7%E3%82%BF%E3%83%AA%E3%82%A2%E3%83%B3-%E3%83%95%E3%83%83%E3%83%81%E3%83%A3%E3%83%BC-%E3%83%86%E3%83%AA%E3%83%8F%E3%83%AA%E3%83%BC-%E3%83%A0%E3%82%B5%E3%82%B7%E3%82%B3%E3%82%B9%E3%82%AD%E3%83%86%E3%83%B3-the-vegetarian-butcher-delivery-musashikosugi/5-HqVlfUSg6KSt_paornDw
なか卯 港北樽町店 Nakau Kohoku-Tarumachi,神奈川県横浜市港北区樽町3-2-30,35.530937200000004,139.6411122,10:00,23:00,4.5,142.0,https://www.ubereats.com/jp/yokohama/food-delivery/%E3%81%AA%E3%81%8B%E5%8D%AF-%E6%B8%AF%E5%8C%97%E6%A8%BD%E7%94%BA%E5%BA%97-nakau-kohoku-tarumachi/V8Q8324MTeC0XsrNcaUJbQ
キッチンオリジン 日吉店 Kitchen Origin Hiyoshi,神奈川県横浜市港北区日吉3-2-15 Kanagawa,35.557471899999996,139.64994430000002,10:00,22:00,4.5,35.0,https://www.ubereats.com/jp/yokohama/food-delivery/%E3%82%AD%E3%83%83%E3%83%81%E3%83%B3%E3%82%AA%E3%83%AA%E3%82%B7%E3%83%B3-%E6%97%A5%E5%90%89%E5%BA%97-kitchen-origin-hiyoshi/myJbQoxgT6qVhAyhEieleg
天丼てんや 綱島 Tendon tenya Tsunashima,神奈川県横浜市港北区綱島西1-11-4 綱島ｵｰｸﾗﾋﾞﾙⅡ Kanagawa,35.5370011,139.633612,11:00,21:00,4.4,118.0,https://www.ubereats.com/jp/yokohama/food-delivery/%E5%A4%A9%E4%B8%BC%E3%81%A6%E3%82%93%E3%82%84-%E7%B6%B1%E5%B3%B6-tendon-tenya-tsunashima/LMUU1lyuSOO652uRBPsANQ
ガスト 南加瀬店 Gusto Minami Kase,神奈川県川崎市幸区南加瀬２丁目７－１８,35.5497285,139.65938500000001,10:30,22:00,4.5,136.0,https://www.ubereats.com/jp/yokohama/food-delivery/%E3%82%AB%E3%82%B9%E3%83%88-%E5%8D%97%E5%8A%A0%E7%80%AC%E5%BA%97-gusto-minami-kase/dQBgmN-kQqqLvvQrybSLVg
バーミヤン 下平間店 Bamiyan Shimohirama,神奈川県川崎市幸区下平間３１３,35.547903399999996,139.6840023,10:30,22:00,4.4,171.0,https://www.ubereats.com/jp/yokohama/food-delivery/%E3%83%8F%E3%83%BC%E3%83%9F%E3%83%A4%E3%83%B3-%E4%B8%8B%E5%B9%B3%E9%96%93%E5%BA%97-bamiyan-shimohirama/YuHC6n6nSwerxnQP4nzIvw
から好し 綱島店 Karayoshi Tsunashima,神奈川県横浜市港北区綱島西1丁目8-17,35.536840500000004,139.6335914,11:00,22:30,4.5,354.0,https://www.ubereats.com/jp/yokohama/food-delivery/%E3%81%8B%E3%82%89%E5%A5%BD%E3%81%97-%E7%B6%B1%E5%B3%B6%E5%BA%97-karayoshi-tsunashima/OJFsCpZdQ-6Xzkxf3dGJPg
万豚記ビーンズ武蔵中原 wanzhuji Bīnzu Musashinakahara,川崎市中原区上小田中4-2-1 ビ-ンズ武蔵中原1F Kanagawa,35.581375799999996,139.6409824,11:00,22:30,4.5,122.0,https://www.ubereats.com/jp/yokohama/food-delivery/%E4%B8%87%E8%B1%9A%E8%A8%98%E3%83%92%E3%83%BC%E3%83%B3%E3%82%B9%E6%AD%A6%E8%94%B5%E4%B8%AD%E5%8E%9F-wanzhuji-binzu-musashinakahara/u2b7_gMNRPuhd8MYLdTqrg
すき家 港北箕輪町店 Sukiya Kouhoku Minowacho,横浜市港北区箕輪町2-5-5,35.5436128,139.6420771,09:00,23:59,4.4,93.0,https://www.ubereats.com/jp/yokohama/food-delivery/%E3%81%99%E3%81%8D%E5%AE%B6-%E6%B8%AF%E5%8C%97%E7%AE%95%E8%BC%AA%E7%94%BA%E5%BA%97-sukiya-kouhoku-minowacho/-q8yXBB-S7y-BW6Fk7MktQ
クレープショップサル 川崎新丸子店 Crepe Shop SARU KawasakiShinnmarukoTenn,川崎市中原区 新丸子町649,35.58147406694478,139.66222534868754,10:30,21:00,4.6,189.0,https://www.ubereats.com/jp/yokohama/food-delivery/%E3%82%AF%E3%83%AC%E3%83%BC%E3%83%95%E3%82%B7%E3%83%A7%E3%83%83%E3%83%95%E3%82%B5%E3%83%AB-%E5%B7%9D%E5%B4%8E%E6%96%B0%E4%B8%B8%E5%AD%90%E5%BA%97-crepe-shop-saru-kawasakishinnmarukotenn/AiW3j8BhR9eDiZ3xW66ptg
そば処 たつ吉 Japanese Noodle TATSUKICHI,神奈川県横浜市港北区日吉本町1丁目23-3 1F Yokohama,35.5528251,139.646146,11:30,22:00,4.5,155.0,https://www.ubereats.com/jp/yokohama/food-delivery/%E3%81%9D%E3%81%AF%E5%87%A6-%E3%81%9F%E3%81%A4%E5%90%89-japanese-noodle-tatsukichi/Q_k2ZnpoRaK_1n197p79KA
ベッカーズ 武蔵小杉店 Becker's Musashi-Kosugi,神奈川県川崎市中原区小杉町3-492 JR武蔵小杉駅改札外 北口ロータリー,35.57678097863471,139.6591589919707,11:00,20:00,4.4,189.0,https://www.ubereats.com/jp/yokohama/food-delivery/%E3%83%98%E3%83%83%E3%82%AB%E3%83%BC%E3%82%B9-%E6%AD%A6%E8%94%B5%E5%B0%8F%E6%9D%89%E5%BA%97-beckers-musashi-kosugi/nqWm8MVYSpWJXQv1omaihQ
スシロー 横浜鶴見店 Sushiro YOKOHAMA TSURUMI,神奈川県横浜市鶴見区梶山1-5-14,35.526193,139.660511,10:30,22:30,4.3,459.0,https://www.ubereats.com/jp/yokohama/food-delivery/%E3%82%B9%E3%82%B7%E3%83%AD%E3%83%BC-%E6%A8%AA%E6%B5%9C%E9%B6%B4%E8%A6%8B%E5%BA%97-sushiro-yokohama-tsurumi/yve3Os2yS3-XwFl7pr7EmA
はま寿司 日吉店 Hamazushi Hiyoshi,神奈川県川崎市中原区木月四丁目31番7号 リンコー日吉ビル1階,35.5590088,139.6517927,11:00,22:00,4.3,166.0,https://www.ubereats.com/jp/yokohama/food-delivery/%E3%81%AF%E3%81%BE%E5%AF%BF%E5%8F%B8-%E6%97%A5%E5%90%89%E5%BA%97-hamazushi-hiyoshi/isH66YsOSjmblAQ6VQWGng
吉野家 元住吉駅前 Yoshinoya MOTOSUMIYOSHI-EKIMAE,神奈川県川崎市中原区木月2-3-1,35.5649842,139.65462380000002,10:00,23:00,4.7,150.0,https://www.ubereats.com/jp/yokohama/food-delivery/%E5%90%89%E9%87%8E%E5%AE%B6-%E5%85%83%E4%BD%8F%E5%90%89%E9%A7%85%E5%89%8D-yoshinoya-motosumiyoshi-ekimae/iJf6EXocTS2I05ISd57fig
ガスト 武蔵小杉駅前店 Gusto Musashi Kosugi,神奈川県川崎市中原区小杉町１丁目４０３番地 小杉ビルディング２Ｆ,35.576870286391845,139.65891587519448,10:30,22:00,4.4,154.0,https://www.ubereats.com/jp/yokohama/food-delivery/%E3%82%AB%E3%82%B9%E3%83%88-%E6%AD%A6%E8%94%B5%E5%B0%8F%E6%9D%89%E9%A7%85%E5%89%8D%E5%BA%97-gusto-musashi-kosugi/68iITecGQP-GRmJEOhCTkA
なか卯 武蔵中原店 Nakau Musashi-Nakahara,神奈川県川崎市中原区上小田中6-17-7,35.5792345,139.6447905,10:00,21:15,4.5,352.0,https://www.ubereats.com/jp/yokohama/food-delivery/%E3%81%AA%E3%81%8B%E5%8D%AF-%E6%AD%A6%E8%94%B5%E4%B8%AD%E5%8E%9F%E5%BA%97-nakau-musashi-nakahara/XE8PaiYeTK6-M-Q9Ezeugg
情熱のすためしどんどん 新丸子 Sutameshidondon Shinmaruko,神奈川県川崎市中原区新丸子東1-772 藤川ﾋﾞﾙ1F Kanagawa,35.5803846,139.6621692,11:00,22:00,4.4,243.0,https://www.ubereats.com/jp/yokohama/food-delivery/%E6%83%85%E7%86%B1%E3%81%AE%E3%81%99%E3%81%9F%E3%82%81%E3%81%97%E3%81%A8%E3%82%93%E3%81%A8%E3%82%93-%E6%96%B0%E4%B8%B8%E5%AD%90-sutameshidondon-shinmaruko/T7Fa_secRD6W66-9f1BweQ
川湘楼 Kawsashoro,日本、〒 神奈川県川崎市中原区新丸子町９１１−１ ユニーブル小杉2f,35.5783721,139.6606351,10:30,22:45,4.6,200.0,https://www.ubereats.com/jp/yokohama/food-delivery/%E5%B7%9D%E6%B9%98%E6%A5%BC-kawsashoro/yXzU_4T6TqSza-sr1BgO_w
アリトル 元住吉店 A'LITTLE MOTOSUMIYOSHI,神奈川県 川崎市 中原区 木月3丁目6-18 Kanagawa,35.5654836,139.6508807,11:00,21:30,4.7,200.0,https://www.ubereats.com/jp/yokohama/food-delivery/%E3%82%A2%E3%83%AA%E3%83%88%E3%83%AB-%E5%85%83%E4%BD%8F%E5%90%89%E5%BA%97-alittle-motosumiyoshi/r5Tnz0vIQmGpAH0m770Ynw
MeTeaタピオカ平間店,神奈川県 川崎市 中原区 田尻町58 小林ビル1階 Kanagawa,35.5600534,139.6723352,11:00,21:30,4.6,200.0,https://www.ubereats.com/jp/yokohama/food-delivery/metea%E3%82%BF%E3%83%92%E3%82%AA%E3%82%AB%E5%B9%B3%E9%96%93%E5%BA%97/brAsKjt4TXCLpXv6xizROQ
新丸子カレー工房パルコ Parco Curry,Nakahara-Ku Shinmarukomachi 738 Kawasaki-Shi Kanagawa-ken,35.580484000000006,139.661651,11:45,20:45,4.7,201.0,https://www.ubereats.com/jp/yokohama/food-delivery/%E6%96%B0%E4%B8%B8%E5%AD%90%E3%82%AB%E3%83%AC%E3%83%BC%E5%B7%A5%E6%88%BF%E3%83%8F%E3%83%AB%E3%82%B3-parco-curry/d5bmpJyvSWqjcyj6SuFuHQ
バーミヤン 武蔵小杉店 Bamiyan Musashi Kosugi,神奈川県川崎市中原区今井仲町４－３１,35.5769015,139.6509345,10:30,22:00,4.4,432.0,https://www.ubereats.com/jp/yokohama/food-delivery/%E3%83%8F%E3%83%BC%E3%83%9F%E3%83%A4%E3%83%B3-%E6%AD%A6%E8%94%B5%E5%B0%8F%E6%9D%89%E5%BA%97-bamiyan-musashi-kosugi/ZsbAOJktS4iy0rpst0X6TA
横浜家系ラーメン 綱島商店 Pork bone soup ramen,神奈川県横浜市港北区綱島西1-1-29 ボナール・フジ1F Kanagawa,35.536390000000004,139.63449980000001,14:00,22:00,4.3,385.0,https://www.ubereats.com/jp/yokohama/food-delivery/%E6%A8%AA%E6%B5%9C%E5%AE%B6%E7%B3%BB%E3%83%A9%E3%83%BC%E3%83%A1%E3%83%B3-%E7%B6%B1%E5%B3%B6%E5%95%86%E5%BA%97-pork-bone-soup-ramen/BcnDvNYeQ6ylxgnAqkCaYA
64(ロクヨン)ダイナー 日吉バーガー 64diner Hiyoshi-burger,1 Chome-1-3 Hiyoshihonchō Kōhoku-Ku  B1 Yokohama-Shi Kanagawa-ken,35.553683,139.646067,11:30,22:55,4.3,91.0,https://www.ubereats.com/jp/yokohama/food-delivery/64%E3%83%AD%E3%82%AF%E3%83%A8%E3%83%B3%E3%82%BF%E3%82%A4%E3%83%8A%E3%83%BC-%E6%97%A5%E5%90%89%E3%83%8F%E3%83%BC%E3%82%AB%E3%83%BC-64diner-hiyoshi-burger/oKuUSfKZRemE28xNS1K6Yw
丼丸 元住吉  Bay Donmaru Motosumiyoshi,神奈川県川崎市中原区井田中ノ町2-1 Yokohama,35.565453600000005,139.6477467,11:00,21:45,4.5,368.0,https://www.ubereats.com/jp/yokohama/food-delivery/%E4%B8%BC%E4%B8%B8-%E5%85%83%E4%BD%8F%E5%90%89-bay-donmaru-motosumiyoshi/ZddbPrHMTyu1s1keuR0Hug
ピザハット 木月 Pizza Hut KIZUKI,神奈川県川崎市中原区木月４−５−３,35.56002739636271,139.6543500125282,11:00,22:00,4.5,166.0,https://www.ubereats.com/jp/yokohama/food-delivery/%E3%83%92%E3%82%B5%E3%83%8F%E3%83%83%E3%83%88-%E6%9C%A8%E6%9C%88-pizza-hut-kizuki/csHBBeVVT1SVxqWZ-IQXVQ
麺場ハマトラ 日吉店 Menba Hamatora Hiyoshi,Hamatora Hiyoshi Shop 1F Kōhoku-Ku Kanagawa-ken,35.555392,139.64515600000001,12:00,20:00,4.5,105.0,https://www.ubereats.com/jp/yokohama/food-delivery/%E9%BA%BA%E5%A0%B4%E3%83%8F%E3%83%9E%E3%83%88%E3%83%A9-%E6%97%A5%E5%90%89%E5%BA%97-menba-hamatora-hiyoshi/xWz9GycQS92vdDKJRwxSmQ
Me Tea,中原区上新城2-8-22 三井ビル１階,35.5875943418719,139.63053691861742,11:00,22:00,4.5,200.0,https://www.ubereats.com/jp/yokohama/food-delivery/me-tea/RwedLRzuQxuqtLb-2LGOpA
大戸屋ごはん処 元住吉駅前店 Ootoya MOTOSUMIYOSHI,Japan 〒 Kanagawa-Ken Kawasaki-Shi Nakahara-Ku Kizuki 1 Chome−36−12,35.56460089999999,139.6537128,11:00,22:30,4.5,200.0,https://www.ubereats.com/jp/yokohama/food-delivery/%E5%A4%A7%E6%88%B8%E5%B1%8B%E3%81%93%E3%81%AF%E3%82%93%E5%87%A6-%E5%85%83%E4%BD%8F%E5%90%89%E9%A7%85%E5%89%8D%E5%BA%97-ootoya-motosumiyoshi/Dmj-NbM5S3qgcx949jnbGw
からやま 武蔵小杉店 Karayama MUSASHI-KOSUGI,神奈川県川崎市中原区小杉町3-472 武蔵小杉東急スクエア ステーションマーケット,35.5758915,139.65941719999998,10:30,22:00,4.6,200.0,https://www.ubereats.com/jp/yokohama/food-delivery/%E3%81%8B%E3%82%89%E3%82%84%E3%81%BE-%E6%AD%A6%E8%94%B5%E5%B0%8F%E6%9D%89%E5%BA%97-karayama-musashi-kosugi/vNWLv-GISt-J3Qwdjp9Dbw
ファーストキッチン 日吉店 First Kitchen HIYOSHI,神奈川県横浜市港北区日吉本町１－１－６ HIKARUビル１F,35.5537686,139.64621,10:00,22:00,4.4,384.0,https://www.ubereats.com/jp/yokohama/food-delivery/%E3%83%95%E3%82%A1%E3%83%BC%E3%82%B9%E3%83%88%E3%82%AD%E3%83%83%E3%83%81%E3%83%B3-%E6%97%A5%E5%90%89%E5%BA%97-first-kitchen-hiyoshi/4ZftmrSsSgSorVm9GFC0GA
メイド イン ハンズ,神奈川県横浜市港北区日吉2-2-16 第一マルシンビル2階 Kanagawa,35.5541189,139.6466261,11:30,21:30,4.0,12.0,https://www.ubereats.com/jp/yokohama/food-delivery/%E3%83%A1%E3%82%A4%E3%83%88-%E3%82%A4%E3%83%B3-%E3%83%8F%E3%83%B3%E3%82%B9/cc_DhV1XR3SnmeZCIqzrxg
カレーハウス CoCo壱番屋 港北区日吉中央通り Curry House CoCo Ichibanya Kouhokuku Hiyoshichuodori,神奈川県横浜市港北区日吉本町1-16 ﾏｲｷｬｯｽﾙ日吉1階 Kanagawa,35.5539249,139.6439539,11:00,23:00,4.6,225.0,https://www.ubereats.com/jp/yokohama/food-delivery/%E3%82%AB%E3%83%AC%E3%83%BC%E3%83%8F%E3%82%A6%E3%82%B9-coco%E5%A3%B1%E7%95%AA%E5%B1%8B-%E6%B8%AF%E5%8C%97%E5%8C%BA%E6%97%A5%E5%90%89%E4%B8%AD%E5%A4%AE%E9%80%9A%E3%82%8A-curry-house-coco-ichibanya-kouhokuku-hiyoshichuodori/geeOcwkIR1ihdYzmlaiiwg
天丼てんや 日吉 Tendon tenya Hiyoshi,神奈川県横浜市港北区日吉本町1-2-2 Kanagawa,35.553704100000004,139.6458369,11:00,21:00,4.6,162.0,https://www.ubereats.com/jp/yokohama/food-delivery/%E5%A4%A9%E4%B8%BC%E3%81%A6%E3%82%93%E3%82%84-%E6%97%A5%E5%90%89-tendon-tenya-hiyoshi/L7TbiTrxQKWbFn6dr3njCQ
Omuricecafé Yellowgourmet 平間 Hirama,神奈川県川崎市中原区上平間1700-125 Kanagawa,35.559631599999996,139.6754851,11:00,21:00,4.5,19.0,https://www.ubereats.com/jp/yokohama/food-delivery/omuricecafe-yellowgourmet-%E5%B9%B3%E9%96%93-hirama/uhQu_bMwQpeNf71JdkiKlA
牛たん専門店せんり 平間 Gyutan Senri Hirama,神奈川県川崎市中原区上平間1700-125 Kanagawa,35.559631599999996,139.6754851,11:00,21:00,4.2,30.0,https://www.ubereats.com/jp/yokohama/food-delivery/%E7%89%9B%E3%81%9F%E3%82%93%E5%B0%82%E9%96%80%E5%BA%97%E3%81%9B%E3%82%93%E3%82%8A-%E5%B9%B3%E9%96%93-gyutan-senri-hirama/YfAUSxabTzuIV4ycmAgNcg
バーガーズカフェグリルフクヨシ 平間 Burgers Cafe Grill Fukuyoshi Hirama,神奈川県川崎市中原区上平間1700-125 Kanagawa,35.559631599999996,139.6754851,11:00,21:00,4.2,29.0,https://www.ubereats.com/jp/yokohama/food-delivery/%E3%83%8F%E3%83%BC%E3%82%AB%E3%83%BC%E3%82%B9%E3%82%AB%E3%83%95%E3%82%A7%E3%82%AF%E3%83%AA%E3%83%AB%E3%83%95%E3%82%AF%E3%83%A8%E3%82%B7-%E5%B9%B3%E9%96%93-burgers-cafe-grill-fukuyoshi-hirama/zpbT_STDQJ-RDGMCqzQETQ
神保町ビーフ 平間 Jinbocho Beef Hirama,神奈川県川崎市中原区上平間1700-125 Kanagawa,35.559631599999996,139.6754851,11:00,21:00,4.5,47.0,https://www.ubereats.com/jp/yokohama/food-delivery/%E7%A5%9E%E4%BF%9D%E7%94%BA%E3%83%92%E3%83%BC%E3%83%95-%E5%B9%B3%E9%96%93-jinbocho-beef-hirama/5B7AEHyFSu6HrdH0-wSgFw
キッチンオリジン 平間 Kitchen Origin Hirama,神奈川県川崎市中原区田尻町21-1 Kanagawa,35.5608455,139.6713409,10:00,22:00,4.6,21.0,https://www.ubereats.com/jp/yokohama/food-delivery/%E3%82%AD%E3%83%83%E3%83%81%E3%83%B3%E3%82%AA%E3%83%AA%E3%82%B7%E3%83%B3-%E5%B9%B3%E9%96%93-kitchen-origin-hirama/AUQbQv6WRBOTc5PXwSoRIw
松屋 日吉店 Matsuya Hiyoshi,神奈川県横浜市港北区日吉本町1-20-2 Kanagawa,35.5531342,139.645836,10:00,22:30,4.5,170.0,https://www.ubereats.com/jp/yokohama/food-delivery/%E6%9D%BE%E5%B1%8B-%E6%97%A5%E5%90%89%E5%BA%97-matsuya-hiyoshi/gjEY3RKQS2a61-hQ4_Ulog
フレッシュネスバーガー 元住吉店 Freshness Burger Motosumiyoshi,神奈川県川崎市中原区木月2-5-3,35.564718,139.654874,10:00,21:00,4.5,200.0,https://www.ubereats.com/jp/yokohama/food-delivery/%E3%83%95%E3%83%AC%E3%83%83%E3%82%B7%E3%83%A5%E3%83%8D%E3%82%B9%E3%83%8F%E3%83%BC%E3%82%AB%E3%83%BC-%E5%85%83%E4%BD%8F%E5%90%89%E5%BA%97-freshness-burger-motosumiyoshi/ax05F8q0SayXGZ9mDlmeXA
スターバックス コーヒー 日吉店 Starbucks Coffee Hiyoshi,神奈川県横浜市港北区日吉2-2-3山村ビル 1f,35.5538809,139.646452,09:00,21:30,4.7,158.0,https://www.ubereats.com/jp/yokohama/food-delivery/%E3%82%B9%E3%82%BF%E3%83%BC%E3%83%8F%E3%83%83%E3%82%AF%E3%82%B9-%E3%82%B3%E3%83%BC%E3%83%92%E3%83%BC-%E6%97%A5%E5%90%89%E5%BA%97-starbucks-coffee-hiyoshi/UnyZUhWjRdq1jbuWoHywTg
からやま 日吉店 Karayama HIYOSHI,神奈川県横浜市港北区日吉本町1-3-3 力亭ビル１階東号,35.553836700000005,139.6453188,10:30,22:00,4.6,200.0,https://www.ubereats.com/jp/yokohama/food-delivery/%E3%81%8B%E3%82%89%E3%82%84%E3%81%BE-%E6%97%A5%E5%90%89%E5%BA%97-karayama-hiyoshi/gqJViZhPTbSuTmX1mzVN5w
バーガーキング 綱島駅前店 Burger King TSUNASHIMA-STATION,神奈川県横浜市港北区綱島東1-2-6 Kanagawa,35.5362299,139.6347488,10:00,21:00,4.4,200.0,https://www.ubereats.com/jp/yokohama/food-delivery/%E3%83%8F%E3%83%BC%E3%82%AB%E3%83%BC%E3%82%AD%E3%83%B3%E3%82%AF-%E7%B6%B1%E5%B3%B6%E9%A7%85%E5%89%8D%E5%BA%97-burger-king-tsunashima-station/X28DiJo9QiakMf8EH1-YqQ
ケンタッキーフライドチキン 南加瀬店 Kentucky Fried Chicken MINAMIKASE,神奈川県川崎市幸区南加瀬４−３０−１７,35.541771999999995,139.661563,10:30,21:00,4.5,492.0,https://www.ubereats.com/jp/yokohama/food-delivery/%E3%82%B1%E3%83%B3%E3%82%BF%E3%83%83%E3%82%AD%E3%83%BC%E3%83%95%E3%83%A9%E3%82%A4%E3%83%88%E3%83%81%E3%82%AD%E3%83%B3-%E5%8D%97%E5%8A%A0%E7%80%AC%E5%BA%97-kentucky-fried-chicken-minamikase/-J_Bj_WNR2C-WbhhkeEHxQ
マクドナルド 日吉駅前店 McDonald's HIYOSHI EKIMAE,神奈川県横浜市港北区日吉本町１－２２－１,35.553197,139.646386,10:30,23:00,4.6,200.0,https://www.ubereats.com/jp/yokohama/food-delivery/%E3%83%9E%E3%82%AF%E3%83%88%E3%83%8A%E3%83%AB%E3%83%88-%E6%97%A5%E5%90%89%E9%A7%85%E5%89%8D%E5%BA%97-mcdonalds-hiyoshi-ekimae/OWlZ0YLcSVe66_dC_dIL2w
boba tea 武蔵新城店 boba tea Musashishinjo,日本、〒 神奈川県川崎市中原区上新城２丁目７−１９ 神奈川県,35.58829869999999,139.630427,10:00,22:50,4.6,200.0,https://www.ubereats.com/jp/yokohama/food-delivery/boba-tea-%E6%AD%A6%E8%94%B5%E6%96%B0%E5%9F%8E%E5%BA%97-boba-tea-musashishinjo/djXwc14ZSy-H7VMsfEiFIg
お好み焼き コナモン Okonomiyaki KONAMON,Nakahara-Ku Kamikodanaka 6 Chome−22 Kawasaki-Shi Kanagawa-ken,35.581268,139.641874,11:00,22:00,4.4,186.0,https://www.ubereats.com/jp/yokohama/food-delivery/%E3%81%8A%E5%A5%BD%E3%81%BF%E7%84%BC%E3%81%8D-%E3%82%B3%E3%83%8A%E3%83%A2%E3%83%B3-okonomiyaki-konamon/J0i3G4ogT9iOCgTFsTekkg
中津しょうゆ からあげ専門店 鶏笑 川崎上平間店 Torisho KAWASAKI-KAMIHIRAMA,神奈川県川崎市中原区上平間1340 高橋ハイツ101,35.55762939781117,139.67683553063077,11:00,21:00,4.3,26.0,https://www.ubereats.com/jp/yokohama/food-delivery/%E4%B8%AD%E6%B4%A5%E3%81%97%E3%82%87%E3%81%86%E3%82%86-%E3%81%8B%E3%82%89%E3%81%82%E3%81%91%E5%B0%82%E9%96%80%E5%BA%97-%E9%B6%8F%E7%AC%91-%E5%B7%9D%E5%B4%8E%E4%B8%8A%E5%B9%B3%E9%96%93%E5%BA%97-torisho-kawasaki-kamihirama/zdZ1BzyIROqh4VfawMsSTw
松屋 鹿島田店 Matsuya Kashimada,神奈川県川崎市幸区下平間135,35.551264,139.676344,10:00,22:30,4.4,76.0,https://www.ubereats.com/jp/yokohama/food-delivery/%E6%9D%BE%E5%B1%8B-%E9%B9%BF%E5%B3%B6%E7%94%B0%E5%BA%97-matsuya-kashimada/uC9NdnOaR32_JgGvWG2RkQ