id,address,close_hour,latitude,longitude,name,open_hour,point,postal_code,reviews,url
HZ38aBt6Q7i40am1CYt1sw,神奈川県川崎市中原区新丸子東２－８８５,22:00,35.5790206,139.6635248,デニーズ 武蔵小杉店 Denny's MUSASHI-KOSUGI,11:00,4.3,211-0004,211.0,https://www.ubereats.com/ja-JP/yokohama/food-delivery/%E3%83%86%E3%83%8B%E3%83%BC%E3%82%B9-%E6%AD%A6%E8%94%B5%E5%B0%8F%E6%9D%89%E5%BA%97-dennys-musashi-kosugi/HZ38aBt6Q7i40am1CYt1sw/
pTRkmFZ4RfSbf2aud8VA4w,神奈川県川崎市中原区新丸子東３丁目１１５６－２,21:00,35.5736715,139.6617199,藍屋 武蔵小杉店  Aiya Musashi Kosugi,11:00,4.2,211-0004,32.0,https://www.ubereats.com/ja-JP/yokohama/food-delivery/%E8%97%8D%E5%B1%8B-%E6%AD%A6%E8%94%B5%E5%B0%8F%E6%9D%89%E5%BA%97-aiya-musashi-kosugi/pTRkmFZ4RfSbf2aud8VA4w/
nS3WLvBuTky3az1JNtP3Pw,Nakahara-Ku Kizuki 1 Chome−29 1F Kawasaki-Shi Kanagawa-ken,22:00,35.565742,139.65141699999998,ジャイプール Jaipur,17:00,4.3,211-0025,11.0,https://www.ubereats.com/ja-JP/yokohama/food-delivery/%E3%82%B7%E3%83%A3%E3%82%A4%E3%83%95%E3%83%BC%E3%83%AB-jaipur/nS3WLvBuTky3az1JNtP3Pw/
o8dBnKBkSPenQ1THw9L7rA,3 Chome-13-30 Kizuki Nakahara-Ku 店舗 ２Ｆ,22:00,35.565278,139.64915,サパナマハル Sapana Mahal,11:00,4.3,,95.0,https://www.ubereats.com/ja-JP/yokohama/food-delivery/%E3%82%B5%E3%83%8F%E3%83%8A%E3%83%9E%E3%83%8F%E3%83%AB-sapana-mahal/o8dBnKBkSPenQ1THw9L7rA/
UvJkazYkR-eErvgegDNhCA,川崎市中原区 小杉町2-276-1 E2 Kawasaki,21:00,35.577701,139.656897,トラットリア アッペティート TRATTORIA APPETITO,11:30,4.3,211-0063,30.0,https://www.ubereats.com/ja-JP/yokohama/food-delivery/%E3%83%88%E3%83%A9%E3%83%83%E3%83%88%E3%83%AA%E3%82%A2-%E3%82%A2%E3%83%83%E3%83%98%E3%83%86%E3%82%A3%E3%83%BC%E3%83%88-trattoria-appetito/UvJkazYkR-eErvgegDNhCA/
ei3ueFRFTk6Jm_szMWNmNA,中原区新丸子東２－９２６－１５  マノア武蔵小杉１階 Kawasaki,22:30,35.57707879999999,139.66279680000002,マヤレストラン Maya Restaurant,10:30,4.5,211-0004,81.0,https://www.ubereats.com/ja-JP/yokohama/food-delivery/%E3%83%9E%E3%83%A4%E3%83%AC%E3%82%B9%E3%83%88%E3%83%A9%E3%83%B3-maya-restaurant/ei3ueFRFTk6Jm_szMWNmNA/
hT04UgaDRFmBaZuSA8-v4A,神奈川県川崎市中原区宮内4-7-19 Kanagawa,21:00,35.5840971,139.64686880000002,和食さと 川崎等々力 Washoku Sato Kawasakitodoroki,11:00,3.9,211-0051,40.0,https://www.ubereats.com/ja-JP/yokohama/food-delivery/%E5%92%8C%E9%A3%9F%E3%81%95%E3%81%A8-%E5%B7%9D%E5%B4%8E%E7%AD%89%E3%80%85%E5%8A%9B-washoku-sato-kawasakitodoroki/hT04UgaDRFmBaZuSA8-v4A/
brAsKjt4TXCLpXv6xizROQ,神奈川県 川崎市 中原区 田尻町58 小林ビル1階 Kanagawa,22:10,35.5600534,139.6723352,MeTeaタピオカ平間店,10:00,4.4,211-0014,377.0,https://www.ubereats.com/ja-JP/yokohama/food-delivery/metea%E3%82%BF%E3%83%92%E3%82%AA%E3%82%AB%E5%B9%B3%E9%96%93%E5%BA%97/brAsKjt4TXCLpXv6xizROQ/
hzTrEntDQVeTwhOD3Ui1hA,2 Chome-276 Kosugimachi Nakahara-Ku Kawasaki-Shi Kanagawa-ken,21:00,35.577453999999996,139.656808,銀座洋食三笠會舘武蔵小杉店 Ginza Yoshoku Mikasa Kaikan,11:00,4.6,211-0063,87.0,https://www.ubereats.com/ja-JP/yokohama/food-delivery/%E9%8A%80%E5%BA%A7%E6%B4%8B%E9%A3%9F%E4%B8%89%E7%AC%A0%E6%9C%83%E8%88%98%E6%AD%A6%E8%94%B5%E5%B0%8F%E6%9D%89%E5%BA%97-ginza-yoshoku-mikasa-kaikan/hzTrEntDQVeTwhOD3Ui1hA/
8XJe1QlOT3GKm40xmSyE3w,神奈川県川崎市中原区小杉町３丁目１,22:30,35.57374650000001,139.657237,ジョナサン 武蔵小杉店 Jonathan's Musashi Kosugi,10:30,4.5,211-0063,88.0,https://www.ubereats.com/ja-JP/yokohama/food-delivery/%E3%82%B7%E3%83%A7%E3%83%8A%E3%82%B5%E3%83%B3-%E6%AD%A6%E8%94%B5%E5%B0%8F%E6%9D%89%E5%BA%97-jonathans-musashi-kosugi/8XJe1QlOT3GKm40xmSyE3w/
c5p_3_StTYiVuKxddl_K6A,川崎市中原区 小杉町1-519 田原ビル1F Kawasaki,22:00,35.579097,139.659222,（ハラル）インド・パキスタン料理専門店 パンジャビ ダバ （HALAL） Indian&PakistanRestaurant Punjabi Dhaba,11:00,4.8,211-0063,45.0,https://www.ubereats.com/ja-JP/yokohama/food-delivery/%E3%83%8F%E3%83%A9%E3%83%AB%E3%82%A4%E3%83%B3%E3%83%88%E3%83%BB%E3%83%8F%E3%82%AD%E3%82%B9%E3%82%BF%E3%83%B3%E6%96%99%E7%90%86%E5%B0%82%E9%96%80%E5%BA%97-%E3%83%8F%E3%83%B3%E3%82%B7%E3%83%A3%E3%83%92-%E3%82%BF%E3%83%8F-halal-indian%26pakistanrestaurant-punjabi-dhaba/c5p_3_StTYiVuKxddl_K6A/
9PDjRGm5S3yEYyelASZ1AA,神奈川県川崎市中原区小杉町3-430-22 コパンビル5Ｆ,23:00,35.57449060000001,139.65865390000002,木村屋本店 武蔵小杉店 Kimuraya Honten MUSASHIKOSUGI,16:00,4.5,211-0063,22.0,https://www.ubereats.com/ja-JP/yokohama/food-delivery/%E6%9C%A8%E6%9D%91%E5%B1%8B%E6%9C%AC%E5%BA%97-%E6%AD%A6%E8%94%B5%E5%B0%8F%E6%9D%89%E5%BA%97-kimuraya-honten-musashikosugi/9PDjRGm5S3yEYyelASZ1AA/
cELCvlz9RMqhPG7qXTszDQ,816 Kamimarukohachimanchō Nakahara-Ku Kawasaki-Shi Kanagawa-Ken  Japan 1F,21:20,35.580240970654,139.6648532341279,マドラスミールス Madras Meals,17:30,4.6,211-0001,50.0,https://www.ubereats.com/ja-JP/yokohama/food-delivery/%E3%83%9E%E3%83%88%E3%83%A9%E3%82%B9%E3%83%9F%E3%83%BC%E3%83%AB%E3%82%B9-madras-meals/cELCvlz9RMqhPG7qXTszDQ/
ZOpn0H8qSO2MyzA3D3QxNg,Nakahara-Ku Kamishinjō 2 Chome−6 Kawasaki-Shi Kanagawa-ken,22:30,35.58813320000001,139.6308301,エビン 武蔵新城店 yabin musashishinjo,10:45,4.4,211-0045,89.0,https://www.ubereats.com/ja-JP/yokohama/food-delivery/%E3%82%A8%E3%83%92%E3%83%B3-%E6%AD%A6%E8%94%B5%E6%96%B0%E5%9F%8E%E5%BA%97-yabin-musashishinjo/ZOpn0H8qSO2MyzA3D3QxNg/
2e8cyUEKROGjtHfRN51jdw,川崎市中原区 木月1-24-23 豊田ビル1Ｆ Kawasaki,13:30,35.56584129999999,139.6532791,広島お好み焼 のん HIROSHIMA OKONOMIYAKI NON,17:00,4.5,211-0025,106.0,https://www.ubereats.com/ja-JP/yokohama/food-delivery/%E5%BA%83%E5%B3%B6%E3%81%8A%E5%A5%BD%E3%81%BF%E7%84%BC-%E3%81%AE%E3%82%93-hiroshima-okonomiyaki-non/2e8cyUEKROGjtHfRN51jdw/
OTZ6Gj2JStOw4FrpxZudkQ,3-70-4 Kosugi-Tyo Nakahara-Ku Kawasaki-Shi Kanagawa,23:00,35.572958,139.65679440000002,パンジャビバーベキュー Punjabi BBQ,11:00,4.5,211-0063,126.0,https://www.ubereats.com/ja-JP/yokohama/food-delivery/%E3%83%8F%E3%83%B3%E3%82%B7%E3%83%A3%E3%83%92%E3%83%8F%E3%83%BC%E3%83%98%E3%82%AD%E3%83%A5%E3%83%BC-punjabi-bbq/OTZ6Gj2JStOw4FrpxZudkQ/
nWVRj3lxR-GgHArpgXaG-A,神奈川県横浜市港北区日吉本町1-16-20 Kanagawa,21:00,35.55388770000001,139.6440797,キッチン オリジン 日吉中央通り Kitchen Origin Hiyoshichuodori,10:00,4.2,223-0062,26.0,https://www.ubereats.com/ja-JP/yokohama/food-delivery/%E3%82%AD%E3%83%83%E3%83%81%E3%83%B3-%E3%82%AA%E3%83%AA%E3%82%B7%E3%83%B3-%E6%97%A5%E5%90%89%E4%B8%AD%E5%A4%AE%E9%80%9A%E3%82%8A-kitchen-origin-hiyoshichuodori/nWVRj3lxR-GgHArpgXaG-A/
ax05F8q0SayXGZ9mDlmeXA,神奈川県川崎市中原区木月2-5-3,21:00,35.564718,139.654874,フレッシュネスバーガー 元住吉店 Freshness Burger Motosumiyoshi,10:00,4.4,211-0025,500.0,https://www.ubereats.com/ja-JP/yokohama/food-delivery/%E3%83%95%E3%83%AC%E3%83%83%E3%82%B7%E3%83%A5%E3%83%8D%E3%82%B9%E3%83%8F%E3%83%BC%E3%82%AB%E3%83%BC-%E5%85%83%E4%BD%8F%E5%90%89%E5%BA%97-freshness-burger-motosumiyoshi/ax05F8q0SayXGZ9mDlmeXA/
PvsIj2-4QimqT8844frQBw,581 Ichinotsubo Nakahara-Ku Kawasaki Kanagawa  Japan,21:30,35.56157349999999,139.6688569,かっぱ寿司  川崎市ノ坪店 Kappa Sushi Kawasaki Ichinotsubo,11:30,4.4,211-0016,165.0,https://www.ubereats.com/ja-JP/yokohama/food-delivery/%E3%81%8B%E3%81%A3%E3%81%AF%E5%AF%BF%E5%8F%B8-%E5%B7%9D%E5%B4%8E%E5%B8%82%E3%83%8E%E5%9D%AA%E5%BA%97-kappa-sushi-kawasaki-ichinotsubo/PvsIj2-4QimqT8844frQBw/
LtyNbd5XTGWZBFbBqTXlZw,神奈川県川崎市中原区新城５−４−３,21:00,35.586289,139.629519,ケンタッキーフライドチキン 武蔵新城店 Kentucky Fried Chicken MUSASHISHINNJOU,10:30,4.4,211-0044,500.0,https://www.ubereats.com/ja-JP/yokohama/food-delivery/%E3%82%B1%E3%83%B3%E3%82%BF%E3%83%83%E3%82%AD%E3%83%BC%E3%83%95%E3%83%A9%E3%82%A4%E3%83%88%E3%83%81%E3%82%AD%E3%83%B3-%E6%AD%A6%E8%94%B5%E6%96%B0%E5%9F%8E%E5%BA%97-kentucky-fried-chicken-musashishinnjou/LtyNbd5XTGWZBFbBqTXlZw/
aiEykDElT6y88qAxxm7ufw,中原区木月1-29-12  吉田店舗ビル１F Kawasaki,22:30,35.5658091,139.65149350000002,binwan,11:00,4.3,211-0025,82.0,https://www.ubereats.com/ja-JP/yokohama/food-delivery/binwan/aiEykDElT6y88qAxxm7ufw/
wokEs2fyTJGRe0BRKA9aKQ,川崎市高津区 二子2-5-48 Kawasaki,14:30,35.6069916,139.6207746,モグモグ Mog Mog,17:00,4.4,213-0002,114.0,https://www.ubereats.com/ja-JP/yokohama/food-delivery/%E3%83%A2%E3%82%AF%E3%83%A2%E3%82%AF-mog-mog/wokEs2fyTJGRe0BRKA9aKQ/
6txM_3uaRIquAoNawpXoqg,神奈川県川崎市高津区溝口1-4-1 ﾉｸﾃｨﾌﾟﾗｻﾞ2 1Fﾌｰﾄﾞｺｰﾄ内,22:00,35.5992495,139.6130982,サブウェイ ノクティプラザ溝口店 SUBWAY Nocty Plaza Mizonokuchi,10:30,4.6,213-0001,98.0,https://www.ubereats.com/ja-JP/yokohama/food-delivery/%E3%82%B5%E3%83%95%E3%82%A6%E3%82%A7%E3%82%A4-%E3%83%8E%E3%82%AF%E3%83%86%E3%82%A3%E3%83%95%E3%83%A9%E3%82%B5%E6%BA%9D%E5%8F%A3%E5%BA%97-subway-nocty-plaza-mizonokuchi/6txM_3uaRIquAoNawpXoqg/
iJf6EXocTS2I05ISd57fig,神奈川県川崎市中原区木月2-3-1,23:00,35.5649842,139.65462380000002,吉野家 元住吉駅前 Yoshinoya MOTOSUMIYOSHI-EKIMAE,10:00,4.5,211-0025,108.0,https://www.ubereats.com/ja-JP/yokohama/food-delivery/%E5%90%89%E9%87%8E%E5%AE%B6-%E5%85%83%E4%BD%8F%E5%90%89%E9%A7%85%E5%89%8D-yoshinoya-motosumiyoshi-ekimae/iJf6EXocTS2I05ISd57fig/
r4E9Emr1TPO2TH0fCIpOiA,1 Chome-1-10 Hiyoshihonchō Kōhoku-Ku Yokohama-Shi Kanagawa-ken,20:30,35.55370300000001,139.646319,北海道唐揚げ えぞ丸 日吉店 Ezomaru Hiyoshi,11:00,4.6,223-0062,77.0,https://www.ubereats.com/ja-JP/yokohama/food-delivery/%E5%8C%97%E6%B5%B7%E9%81%93%E5%94%90%E6%8F%9A%E3%81%91-%E3%81%88%E3%81%9D%E4%B8%B8-%E6%97%A5%E5%90%89%E5%BA%97-ezomaru-hiyoshi/r4E9Emr1TPO2TH0fCIpOiA/
zYItl-Q-ShKP6l6b1_7q2g,川崎市中原区 上小田中6-44-6 石場ビル1F Kawasaki,22:30,35.5849076,139.6416517,アジアン ハイウェイ レストラン Asian Highway resutaurant,11:00,4.5,211-0053,45.0,https://www.ubereats.com/ja-JP/yokohama/food-delivery/%E3%82%A2%E3%82%B7%E3%82%A2%E3%83%B3-%E3%83%8F%E3%82%A4%E3%82%A6%E3%82%A7%E3%82%A4-%E3%83%AC%E3%82%B9%E3%83%88%E3%83%A9%E3%83%B3-asian-highway-resutaurant/zYItl-Q-ShKP6l6b1_7q2g/
NwDRwsDqS7-xf7e3844hsA,神奈川県川崎市高津区溝口２丁目３－１３,22:00,35.5998771,139.6096381,バーミヤン 溝の口店 Bamiyan Mizonokuchi,10:30,4.5,213-0001,102.0,https://www.ubereats.com/ja-JP/yokohama/food-delivery/%E3%83%8F%E3%83%BC%E3%83%9F%E3%83%A4%E3%83%B3-%E6%BA%9D%E3%81%AE%E5%8F%A3%E5%BA%97-bamiyan-mizonokuchi/NwDRwsDqS7-xf7e3844hsA/
SKEDejIxRDusOvCdMFu4tw,川崎市中原区 木月1-23-13 ドゥーンフォルト1F Kawasaki,23:00,35.565665,139.653743,イザカヤミドリ IZAKAYA MIDORI,17:00,4.7,211-0025,43.0,https://www.ubereats.com/ja-JP/yokohama/food-delivery/%E3%82%A4%E3%82%B5%E3%82%AB%E3%83%A4%E3%83%9F%E3%83%88%E3%83%AA-izakaya-midori/SKEDejIxRDusOvCdMFu4tw/
rh4uK_5bSlOe7IyHooZ54Q,Nakahara-Ku Shinmarukohigashi 2 Chome−2−９０７−2 Kawasaki-Shi Kanagawa-ken,22:00,35.57735200000001,139.66071200000002,くし家 串猿 武蔵小杉店 Kushiya KUSHIZARU Musashikosugi,17:00,4.4,211-0004,48.0,https://www.ubereats.com/ja-JP/yokohama/food-delivery/%E3%81%8F%E3%81%97%E5%AE%B6-%E4%B8%B2%E7%8C%BF-%E6%AD%A6%E8%94%B5%E5%B0%8F%E6%9D%89%E5%BA%97-kushiya-kushizaru-musashikosugi/rh4uK_5bSlOe7IyHooZ54Q/
77pDX-gtQoSbqiE9wtXohA,1 Chome-772-5 Shinmarukohigashi Nakahara-Ku Kawasaki-Shi Kanagawa-ken,23:00,35.580601,139.66225,ロッコマン 新丸子店 ROCCOMAN Shinmaruko,11:30,4.4,211-0004,23.0,https://www.ubereats.com/ja-JP/yokohama/food-delivery/%E3%83%AD%E3%83%83%E3%82%B3%E3%83%9E%E3%83%B3-%E6%96%B0%E4%B8%B8%E5%AD%90%E5%BA%97-roccoman-shinmaruko/77pDX-gtQoSbqiE9wtXohA/
7k_oIXXPR02C3VdZNrMenQ,中原区木月３－８－２２ 鈴木水産ビルＢ１－Ｂ Kawasaki,22:30,35.565504,139.649158,インドおつまみ シリス 元住吉店 Indian Snacks Shirish Motosumiyoshi,11:00,,211-0025,,https://www.ubereats.com/ja-JP/yokohama/food-delivery/%E3%82%A4%E3%83%B3%E3%83%88%E3%81%8A%E3%81%A4%E3%81%BE%E3%81%BF-%E3%82%B7%E3%83%AA%E3%82%B9-%E5%85%83%E4%BD%8F%E5%90%89%E5%BA%97-indian-snacks-shirish-motosumiyoshi/7k_oIXXPR02C3VdZNrMenQ/
esRDHyzyTbeDVsICyJ_Sww,Nakahara-Ku Kizuki 3 Chome−8 Kawasaki-Shi Kanagawa-ken,22:30,35.565504,139.649158,シリス 元住吉店 Shirish Motosumiyoshi,11:00,4.5,211-0025,13.0,https://www.ubereats.com/ja-JP/yokohama/food-delivery/%E3%82%B7%E3%83%AA%E3%82%B9-%E5%85%83%E4%BD%8F%E5%90%89%E5%BA%97-shirish-motosumiyoshi/esRDHyzyTbeDVsICyJ_Sww/
WWNAUiqGQhC8jHWqJCXUJw,川崎市中原区 小杉町1-525-1 Kawasaki,23:00,35.5800526,139.6597517,旬彩 よし家 Shunsai YOSHIYA,17:00,4.6,211-0063,18.0,https://www.ubereats.com/ja-JP/yokohama/food-delivery/%E6%97%AC%E5%BD%A9-%E3%82%88%E3%81%97%E5%AE%B6-shunsai-yoshiya/WWNAUiqGQhC8jHWqJCXUJw/
kA9W3LXVRzGZTmsrFuK4kw,1 Chome-2-11 Hiyoshihonchō Kōhoku-Ku Yokohama-Shi Kanagawa-ken,23:00,35.55408900000001,139.64606899999998,ロッコマン 日吉店 ROCCOMAN Hiyoshi,11:30,,223-0062,,https://www.ubereats.com/ja-JP/yokohama/food-delivery/%E3%83%AD%E3%83%83%E3%82%B3%E3%83%9E%E3%83%B3-%E6%97%A5%E5%90%89%E5%BA%97-roccoman-hiyoshi/kA9W3LXVRzGZTmsrFuK4kw/
kDdhfb6TTFqf_2UWYxIMbg,川崎市中原区 上小田中6-44-6 石場ビル1F Kawasaki,22:30,35.5849076,139.6416517,アジアンおつまみパプラ Asian Snack Papura,17:00,,211-0053,,https://www.ubereats.com/ja-JP/yokohama/food-delivery/%E3%82%A2%E3%82%B7%E3%82%A2%E3%83%B3%E3%81%8A%E3%81%A4%E3%81%BE%E3%81%BF%E3%83%8F%E3%83%95%E3%83%A9-asian-snack-papura/kDdhfb6TTFqf_2UWYxIMbg/
VDAfNTGbSw65esiDWLICYA,高津区二子５－３－１９ 新井邸１Ｆ Kawasaki,23:00,35.6022935,139.6172984,二子５丁目酒場 Futako 5 Chome Sakaba,17:00,,213-0002,,https://www.ubereats.com/ja-JP/yokohama/food-delivery/%E4%BA%8C%E5%AD%905%E4%B8%81%E7%9B%AE%E9%85%92%E5%A0%B4-futako-5-chome-sakaba/VDAfNTGbSw65esiDWLICYA/
jI0mFbGKToexjJk2kJtXRQ,1 Chome-8-3 Mizonokuchi Takatsu-Ku Mizonokuchi Ex 2F Kawasaki-Shi Kanagawa-ken,23:00,35.599593,139.61253100000002,焼肉うしお 溝の口店 Yakinikuushio Mizonokuchiten,16:00,,213-0001,,https://www.ubereats.com/ja-JP/yokohama/food-delivery/%E7%84%BC%E8%82%89%E3%81%86%E3%81%97%E3%81%8A-%E6%BA%9D%E3%81%AE%E5%8F%A3%E5%BA%97-yakinikuushio-mizonokuchiten/jI0mFbGKToexjJk2kJtXRQ/
OebKFBwaSZK7z6cvdQVtBw,神奈川県横浜市港北区日吉本町1-1-9 ビッグ日吉駅前店舗1・2F,22:00,35.5540028,139.64585830000001,牛タン圭助 日吉店 Gyutan Keisuke HIYOSHI,17:00,4.2,223-0062,13.0,https://www.ubereats.com/ja-JP/yokohama/food-delivery/%E7%89%9B%E3%82%BF%E3%83%B3%E5%9C%AD%E5%8A%A9-%E6%97%A5%E5%90%89%E5%BA%97-gyutan-keisuke-hiyoshi/OebKFBwaSZK7z6cvdQVtBw/
6xIbPvQIS1mwOi66JW2gMA,1 Chome-11-21 Shimoshinjō Nakahara-Ku Kawasaki-Shi Kanagawa-ken,22:00,35.578768,139.63380800000002,江戸前 廣寿司 Edomae Hirosushi,11:30,,211-0042,,https://www.ubereats.com/ja-JP/yokohama/food-delivery/%E6%B1%9F%E6%88%B8%E5%89%8D-%E5%BB%A3%E5%AF%BF%E5%8F%B8-edomae-hirosushi/6xIbPvQIS1mwOi66JW2gMA/
AeLqAUimSZqgLgSs9i8Uaw,Shinmarukomachi Nakahara-Ku ヴィラタルタル-ガ　102 Kawasaki-Shi Kanagawa-ken,23:00,35.57934,139.6602,灯 武蔵小杉店 AKARI MUSASHIKOSUGI,11:30,,211-0005,,https://www.ubereats.com/ja-JP/yokohama/food-delivery/%E7%81%AF-%E6%AD%A6%E8%94%B5%E5%B0%8F%E6%9D%89%E5%BA%97-akari-musashikosugi/AeLqAUimSZqgLgSs9i8Uaw/
LsT69uRhQmCvWG7fUerFcA,3 Chome-1-12 Mizonokuchi Takatsu-Ku Kawasaki-Shi Kanagawa-Ken  Japan,22:00,35.6012677,139.61496699999998,カパンナ Capanna,18:00,,213-0001,,https://www.ubereats.com/ja-JP/yokohama/food-delivery/%E3%82%AB%E3%83%8F%E3%83%B3%E3%83%8A-capanna/LsT69uRhQmCvWG7fUerFcA/
BtQLP0p6Q6y5OtmjlLtcKw,神奈川県川崎市高津区溝口1-12-14 ﾏｲﾌﾟﾗｻﾞﾋﾞﾙ 2階,22:00,35.6004018,139.6131365,博多もつ鍋 熱中屋 溝の口店 Hakata Motsunabe Necchuya Mizonokuchi,17:00,,213-0001,,https://www.ubereats.com/ja-JP/yokohama/food-delivery/%E5%8D%9A%E5%A4%9A%E3%82%82%E3%81%A4%E9%8D%8B-%E7%86%B1%E4%B8%AD%E5%B1%8B-%E6%BA%9D%E3%81%AE%E5%8F%A3%E5%BA%97-hakata-motsunabe-necchuya-mizonokuchi/BtQLP0p6Q6y5OtmjlLtcKw/
GoROWKG1Q9OOG_-xtRZAEA,Kamihirama Nakahara-Ku Kawasaki-Shi Kanagawa-ken,22:30,35.5603404,139.67367230000002,エベレストキッチン EVEREST KITCHEN,11:00,,211-0013,,https://www.ubereats.com/ja-JP/yokohama/food-delivery/%E3%82%A8%E3%83%98%E3%83%AC%E3%82%B9%E3%83%88%E3%82%AD%E3%83%83%E3%83%81%E3%83%B3-everest-kitchen/GoROWKG1Q9OOG_-xtRZAEA/
Zn_RJs74SM6I6vFdUF4OjQ,神奈川県横浜市港北区下田町4-9-6 第一吉原ハイツ2号 Kanagawa,22:00,35.5582689,139.62925280000002,アロハチキン ALOHA CHICKEN,11:00,,223-0064,,https://www.ubereats.com/ja-JP/yokohama/food-delivery/%E3%82%A2%E3%83%AD%E3%83%8F%E3%83%81%E3%82%AD%E3%83%B3-aloha-chicken/Zn_RJs74SM6I6vFdUF4OjQ/
pF5prEyoT7SDhkDfOjYtxw,神奈川県横浜市港北区下田町4-9-6 第一吉原ハイツ2号 Kanagawa,22:00,35.5582689,139.62925280000002,丼専門店丼ライダー BOWL RIDER,11:00,,223-0064,,https://www.ubereats.com/ja-JP/yokohama/food-delivery/%E4%B8%BC%E5%B0%82%E9%96%80%E5%BA%97%E4%B8%BC%E3%83%A9%E3%82%A4%E3%82%BF%E3%83%BC-bowl-rider/pF5prEyoT7SDhkDfOjYtxw/
TvuULDanS3aN7hE6gRxIFg,神奈川県横浜市港北区下田町4-9-6 第一吉原ハイツ2号 Kanagawa,22:00,35.5582689,139.62925280000002,キーマーズ keemers,11:00,,223-0064,,https://www.ubereats.com/ja-JP/yokohama/food-delivery/%E3%82%AD%E3%83%BC%E3%83%9E%E3%83%BC%E3%82%B9-keemers/TvuULDanS3aN7hE6gRxIFg/
WmSKh1uBQWyg74rqovhbbQ,神奈川県横浜市港北区下田町4-9-6 第一吉原ハイツ2号 Kanagawa,22:00,35.5582689,139.62925280000002,極上 台湾飯 SPECIAL TAIWAN FOOD,11:00,,223-0064,,https://www.ubereats.com/ja-JP/yokohama/food-delivery/%E6%A5%B5%E4%B8%8A-%E5%8F%B0%E6%B9%BE%E9%A3%AF-special-taiwan-food/WmSKh1uBQWyg74rqovhbbQ/
kRn0KFEVR5CKiFlocLwC_g,神奈川県 川崎市 高津区 千年 665 Kawasaki,21:00,35.5772743,139.6285682,とんかつ後藤 Tonkatsu Goto,17:00,,213-0022,,https://www.ubereats.com/ja-JP/yokohama/food-delivery/%E3%81%A8%E3%82%93%E3%81%8B%E3%81%A4%E5%BE%8C%E8%97%A4-tonkatsu-goto/kRn0KFEVR5CKiFlocLwC_g/
zkKYahHXTnurki3WsvodYQ,Takatsu-Ku Mizonokuchi 1 Chome−11 7F Kawasaki-Shi Kanagawa-ken,21:00,35.600187,139.612745,Herb Diner & Bar ジャックポット溝の口 Herb Diner & Bar Jackpot,11:00,,213-0001,,https://www.ubereats.com/ja-JP/yokohama/food-delivery/herb-diner-%26-bar-%E3%82%B7%E3%83%A3%E3%83%83%E3%82%AF%E3%83%9B%E3%83%83%E3%83%88%E6%BA%9D%E3%81%AE%E5%8F%A3-herb-diner-%26-bar-jackpot/zkKYahHXTnurki3WsvodYQ/
j1vGgApiQBajMO-AfY6fjw,神奈川県川崎市高津区子母口496-1,21:00,35.5729162,139.6317033,大分中津 からあげ大臣 子母口店 Karaage Daijin SHIBOKUCHI,11:00,,213-0023,,https://www.ubereats.com/ja-JP/yokohama/food-delivery/%E5%A4%A7%E5%88%86%E4%B8%AD%E6%B4%A5-%E3%81%8B%E3%82%89%E3%81%82%E3%81%91%E5%A4%A7%E8%87%A3-%E5%AD%90%E6%AF%8D%E5%8F%A3%E5%BA%97-karaage-daijin-shibokuchi/j1vGgApiQBajMO-AfY6fjw/
5nFflewOQamARsk7zpu2yg,693 Kitayachō Nakahara-Ku Kawasaki-Shi Kanagawa-Ken  Japan,23:00,35.5636899,139.6700864,腹ペコ Harapeko,11:00,,211-0015,,https://www.ubereats.com/ja-JP/yokohama/food-delivery/%E8%85%B9%E3%83%98%E3%82%B3-harapeko/5nFflewOQamARsk7zpu2yg/
cpNPDpD7S2qGgpzoSkvAIA,4 Chome-32-6 Miyauchi Nakahara-Ku Kawasaki-Shi Kanagawa-ken,22:00,35.586683,139.64216000000002,サワディーナマステ 武蔵中原店 Sawadee Namaste Musashi Nakahara,11:00,,211-0051,,https://www.ubereats.com/ja-JP/yokohama/food-delivery/%E3%82%B5%E3%83%AF%E3%83%86%E3%82%A3%E3%83%BC%E3%83%8A%E3%83%9E%E3%82%B9%E3%83%86-%E6%AD%A6%E8%94%B5%E4%B8%AD%E5%8E%9F%E5%BA%97-sawadee-namaste-musashi-nakahara/cpNPDpD7S2qGgpzoSkvAIA/
38unxV64RZaPHUfiIImfXw,2 Chome-5-14 Kizuki Nakahara-Ku Kawasaki-Shi Kanagawa-ken,23:00,35.56460900000001,139.654913,ロッコマン 元住吉店 ROCCOMAN Motosumiyoshi,11:30,,211-0025,,https://www.ubereats.com/ja-JP/yokohama/food-delivery/%E3%83%AD%E3%83%83%E3%82%B3%E3%83%9E%E3%83%B3-%E5%85%83%E4%BD%8F%E5%90%89%E5%BA%97-roccoman-motosumiyoshi/38unxV64RZaPHUfiIImfXw/
GcOLFv9BROGYC6wuOdVxMQ,1 Chome-19-18 Hiyoshihonchō Kōhoku-Ku 3F Yokohama-Shi Kanagawa-ken,22:00,35.55332,139.6453,ナンバースリー カフェアンドダイニング Number 3 Cafe&Dining,11:30,,223-0062,,https://www.ubereats.com/ja-JP/yokohama/food-delivery/%E3%83%8A%E3%83%B3%E3%83%8F%E3%83%BC%E3%82%B9%E3%83%AA%E3%83%BC-%E3%82%AB%E3%83%95%E3%82%A7%E3%82%A2%E3%83%B3%E3%83%88%E3%82%BF%E3%82%A4%E3%83%8B%E3%83%B3%E3%82%AF-number-3-cafe%26dining/GcOLFv9BROGYC6wuOdVxMQ/
ufyafUODQ-mzCuLbcM5atw,Nakahara-Ku Shinjō 1 Chome−15 Kawasaki-Shi Kanagawa-ken,22:00,35.584136,139.63137700000001,ラ ミア フォルナーチェ Pizzeria & Bar La Mia Fornace,11:30,,211-0044,,https://www.ubereats.com/ja-JP/yokohama/food-delivery/%E3%83%A9-%E3%83%9F%E3%82%A2-%E3%83%95%E3%82%A9%E3%83%AB%E3%83%8A%E3%83%BC%E3%83%81%E3%82%A7-pizzeria-%26-bar-la-mia-fornace/ufyafUODQ-mzCuLbcM5atw/
HBHf3LlySaS62oDSch-iMQ,川崎市高津区 新作3-16-7-102 石井ビル1F Kawasaki,21:00,35.587086299999996,139.6183705,マナスル キッチン Manaslu Kitchen,11:00,,213-0014,,https://www.ubereats.com/ja-JP/yokohama/food-delivery/%E3%83%9E%E3%83%8A%E3%82%B9%E3%83%AB-%E3%82%AD%E3%83%83%E3%83%81%E3%83%B3-manaslu-kitchen/HBHf3LlySaS62oDSch-iMQ/
5Antl-32T321JzEUG978-Q,1 Chome-12-5 Mizonokuchi Takatsu-Ku 永原ビル2F Kawasaki-Shi Kanagawa-ken,23:00,35.600573,139.612168,寿しやの台所/ときしらず Susiyanodaidocoro Tokishirazu,16:00,,213-0001,,https://www.ubereats.com/ja-JP/yokohama/food-delivery/%E5%AF%BF%E3%81%97%E3%82%84%E3%81%AE%E5%8F%B0%E6%89%80-%E3%81%A8%E3%81%8D%E3%81%97%E3%82%89%E3%81%99-susiyanodaidocoro-tokishirazu/5Antl-32T321JzEUG978-Q/
uwZtzzlgTMKSCQrow9WsHQ,川崎市高津区 新作3-16-7-102 石井ビル1F Kawasaki,21:00,35.587105,139.6183812,東南アジアスペシャル Southeast Asia Special,11:00,,213-0014,,https://www.ubereats.com/ja-JP/yokohama/food-delivery/%E6%9D%B1%E5%8D%97%E3%82%A2%E3%82%B7%E3%82%A2%E3%82%B9%E3%83%98%E3%82%B7%E3%83%A3%E3%83%AB-southeast-asia-special/uwZtzzlgTMKSCQrow9WsHQ/
c-u_7L2YSGOENdGZMG65YA,２丁目-１１-31 上新城 中原区 川崎市 神奈川県,23:00,35.587244,139.63008100000002,スペアリブハウスハウディ Howdy,18:00,,211-0045,,https://www.ubereats.com/ja-JP/yokohama/food-delivery/%E3%82%B9%E3%83%98%E3%82%A2%E3%83%AA%E3%83%95%E3%83%8F%E3%82%A6%E3%82%B9%E3%83%8F%E3%82%A6%E3%83%86%E3%82%A3-howdy/c-u_7L2YSGOENdGZMG65YA/
RUz-dRN6RGCXLFPX9tbM0g,川崎市高津区 新作3-16-7-102 石井ビル1F Kawasaki,21:00,35.587105,139.6183812,いつでもチーズカレー All Time Cheese Curry,11:00,,213-0014,,https://www.ubereats.com/ja-JP/yokohama/food-delivery/%E3%81%84%E3%81%A4%E3%81%A6%E3%82%82%E3%83%81%E3%83%BC%E3%82%B9%E3%82%AB%E3%83%AC%E3%83%BC-all-time-cheese-curry/RUz-dRN6RGCXLFPX9tbM0g/
oYW9sRm_RtCRK9Oj4UyQOA,Nakahara-Ku Shinmarukomachi 川崎市中原区 神奈川県,22:00,35.578988,139.661053,ＣＯＳＵＧＩ 市場 ＹＡ‐ＵＯ‐ＹＡ COSUGI Ichiba YA-UO-YA,18:00,,211-0005,,https://www.ubereats.com/ja-JP/yokohama/food-delivery/cosugi-%E5%B8%82%E5%A0%B4-ya%E2%80%90uo%E2%80%90ya-cosugi-ichiba-ya-uo-ya/oYW9sRm_RtCRK9Oj4UyQOA/
jP3eqNmcSHar8R1IeXEvnw,神奈川県川崎市中原区新城3-1-16 Kanagawa,23:30,35.5866299,139.63055580000002,串カツ田中 武蔵新城 Kushikatsu Tanaka Musashishinjo,12:00,,211-0044,,https://www.ubereats.com/ja-JP/yokohama/food-delivery/%E4%B8%B2%E3%82%AB%E3%83%84%E7%94%B0%E4%B8%AD-%E6%AD%A6%E8%94%B5%E6%96%B0%E5%9F%8E-kushikatsu-tanaka-musashishinjo/jP3eqNmcSHar8R1IeXEvnw/
LbMUo_R9SBKhZS_4YyT7kw,5-Chōme-5-2 Futago Takatsu-Ku ジェメリ高津1階 Kawasaki Kanagawa,22:10,35.6018348,139.61729609999998,ミシュラさんのアジアン串 高津店 Mishra's Asian-gushi Takatsu,16:45,,213-0002,,https://www.ubereats.com/ja-JP/yokohama/food-delivery/%E3%83%9F%E3%82%B7%E3%83%A5%E3%83%A9%E3%81%95%E3%82%93%E3%81%AE%E3%82%A2%E3%82%B7%E3%82%A2%E3%83%B3%E4%B8%B2-%E9%AB%98%E6%B4%A5%E5%BA%97-mishras-asian-gushi-takatsu/LbMUo_R9SBKhZS_4YyT7kw/
pixUORhGQdGTMvVDX22wSA,1 Chome-12-12 Mizonokuchi Takatsu-Ku Kawasaki-Shi Kanagawa-Ken  Japan 1F,18:30,35.6002815,139.61299250000002,都夏 溝の口 Tsuge Mizonokuchi,17:00,,213-0001,,https://www.ubereats.com/ja-JP/yokohama/food-delivery/%E9%83%BD%E5%A4%8F-%E6%BA%9D%E3%81%AE%E5%8F%A3-tsuge-mizonokuchi/pixUORhGQdGTMvVDX22wSA/
bpHd2ja0RXW_lUP7FQIrxQ,川崎市高津区下作延2－7－3 Kanagawa,22:30,35.6002185,139.60646599999998,タイレストラン サワディ THAI SAWADI,11:00,4.2,213-0033,28.0,https://www.ubereats.com/ja-JP/yokohama/food-delivery/%E3%82%BF%E3%82%A4%E3%83%AC%E3%82%B9%E3%83%88%E3%83%A9%E3%83%B3-%E3%82%B5%E3%83%AF%E3%83%86%E3%82%A3-thai-sawadi/bpHd2ja0RXW_lUP7FQIrxQ/
-cyYEWUITj2Hlr7KueVSFg,高津区二子5-5-2 ジェメリ高津1階 Kanagawa,22:15,35.6018348,139.61729609999998,タイレストラン アロイ高津店 THAIRESUTAURANT AROI,10:45,4.0,213-0002,21.0,https://www.ubereats.com/ja-JP/yokohama/food-delivery/%E3%82%BF%E3%82%A4%E3%83%AC%E3%82%B9%E3%83%88%E3%83%A9%E3%83%B3-%E3%82%A2%E3%83%AD%E3%82%A4%E9%AB%98%E6%B4%A5%E5%BA%97-thairesutaurant-aroi/-cyYEWUITj2Hlr7KueVSFg/
CSfv1iTGREWG34dm5UHzng,高津区溝ノ口２－１６－７ Kawasaki,22:10,35.602188,139.6117686,チャーハン専門店 RYUKA Fried Rice Shop RYUKA,11:30,4.5,213-0000,33.0,https://www.ubereats.com/ja-JP/yokohama/food-delivery/%E3%83%81%E3%83%A3%E3%83%BC%E3%83%8F%E3%83%B3%E5%B0%82%E9%96%80%E5%BA%97-ryuka-fried-rice-shop-ryuka/CSfv1iTGREWG34dm5UHzng/
Seky06J-Sha0wIIFlocyyg,神奈川県川崎市高津区溝口1-12-1  大久保ビル 2F Yokohama,23:00,35.6005089,139.6118769,骨付き肉×ワインバル GRILL MEAT FACTORY 溝の口店 GRILL MEAT FACTORY,17:00,3.6,213-0001,13.0,https://www.ubereats.com/ja-JP/yokohama/food-delivery/%E9%AA%A8%E4%BB%98%E3%81%8D%E8%82%89%C3%97%E3%83%AF%E3%82%A4%E3%83%B3%E3%83%8F%E3%83%AB-grill-meat-factory-%E6%BA%9D%E3%81%AE%E5%8F%A3%E5%BA%97-grill-meat-factory/Seky06J-Sha0wIIFlocyyg/
XybKPBxlStuoRnBU-7cnTQ,川崎市高津区二子4-1-6  グランドール高津 2F,22:00,35.60287043275762,139.61719009404183,餃子バルランタン 高津駅前店 Gyouza Bar Lantern,12:00,4.1,,25.0,https://www.ubereats.com/ja-JP/yokohama/food-delivery/%E9%A4%83%E5%AD%90%E3%83%8F%E3%83%AB%E3%83%A9%E3%83%B3%E3%82%BF%E3%83%B3-%E9%AB%98%E6%B4%A5%E9%A7%85%E5%89%8D%E5%BA%97-gyouza-bar-lantern/XybKPBxlStuoRnBU-7cnTQ/
IzaXKbwjTo6N4j5-Fys5Qw,川崎市高津区 梶ケ谷2-1-14 1F Kawasaki,22:30,35.5909403,139.60425759999998,ナマステヒマラヤ 梶ヶ谷店 Namaste Himalaya Kajigaya,11:00,4.7,213-0015,51.0,https://www.ubereats.com/ja-JP/yokohama/food-delivery/%E3%83%8A%E3%83%9E%E3%82%B9%E3%83%86%E3%83%92%E3%83%9E%E3%83%A9%E3%83%A4-%E6%A2%B6%E3%83%B6%E8%B0%B7%E5%BA%97-namaste-himalaya-kajigaya/IzaXKbwjTo6N4j5-Fys5Qw/
hTCzc94KRLCrDXKrjL3jjg,神奈川県川崎市中原区木月４丁目３８－４ ビージェネテック２Ｆ,22:00,35.55907379999999,139.65264130000003,グラッチェガーデンズ 川崎木月店 Grazie Gardens Kawasaki Kizuki,10:30,4.4,211-0025,34.0,https://www.ubereats.com/ja-JP/yokohama/food-delivery/%E3%82%AF%E3%83%A9%E3%83%83%E3%83%81%E3%82%A7%E3%82%AB%E3%83%BC%E3%83%86%E3%83%B3%E3%82%B9-%E5%B7%9D%E5%B4%8E%E6%9C%A8%E6%9C%88%E5%BA%97-grazie-gardens-kawasaki-kizuki/hTCzc94KRLCrDXKrjL3jjg/
ViMQ__8PTDqxFe88qeXiiw,神奈川県川崎市高津区溝口1ｰ4ｰ1 丸井溝口店1F,21:00,35.5991511,139.6129727,サーティワン アイスクリーム 溝口店 31 IceCream Mizonokuchi,11:30,4.3,213-0001,10.0,https://www.ubereats.com/ja-JP/yokohama/food-delivery/%E3%82%B5%E3%83%BC%E3%83%86%E3%82%A3%E3%83%AF%E3%83%B3-%E3%82%A2%E3%82%A4%E3%82%B9%E3%82%AF%E3%83%AA%E3%83%BC%E3%83%A0-%E6%BA%9D%E5%8F%A3%E5%BA%97-31-icecream-mizonokuchi/ViMQ__8PTDqxFe88qeXiiw/
QYeRqB6HR8qqNv8WORNnsQ,中原区新丸子町752-1 1F Kanagawa,22:30,35.580032,139.66031999999998,"カレー丼専門店グッド☆ Curry-Don Shop ""GOOD☆""",11:15,4.7,211-0005,10.0,https://www.ubereats.com/ja-JP/yokohama/food-delivery/%E3%82%AB%E3%83%AC%E3%83%BC%E4%B8%BC%E5%B0%82%E9%96%80%E5%BA%97%E3%82%AF%E3%83%83%E3%83%88-curry-don-shop-%22good%22/QYeRqB6HR8qqNv8WORNnsQ/
X47MK5baSEWOSu6SZXpUaw,神奈川県川崎市中原区下沼部1771,23:00,35.572309017401345,139.66799016666255,竹とんぼ Taketonbo,16:00,4.6,,46.0,https://www.ubereats.com/ja-JP/yokohama/food-delivery/%E7%AB%B9%E3%81%A8%E3%82%93%E3%81%BB-taketonbo/X47MK5baSEWOSu6SZXpUaw/
oZHvDRP-TgG3tO4pFLjIuA,2 Chome-2-11 Hiyoshi Kōhoku-Ku サン日吉1F Yokohama-Shi Kanagawa-ken,23:00,35.55432800000001,139.646528,ピッツェリア レジスタ Pizzeria Regista,11:00,4.4,223-0061,82.0,https://www.ubereats.com/ja-JP/yokohama/food-delivery/%E3%83%92%E3%83%83%E3%83%84%E3%82%A7%E3%83%AA%E3%82%A2-%E3%83%AC%E3%82%B7%E3%82%B9%E3%82%BF-pizzeria-regista/oZHvDRP-TgG3tO4pFLjIuA/
0b6w57YoS-6lpHRq6E4ivA,中原区下沼部１７５９ Kawasaki,23:00,35.57322160000001,139.6676083,新田商店 Shinden Izakaya,17:00,,211-0011,,https://www.ubereats.com/ja-JP/yokohama/food-delivery/%E6%96%B0%E7%94%B0%E5%95%86%E5%BA%97-shinden-izakaya/0b6w57YoS-6lpHRq6E4ivA/
AK56K7nvQXSFjMJ0Y8FNVA,神奈川県川崎市高津区溝の口2-12-10  2F,22:30,35.601084,139.611894,窯焼きピザ NIGO Kamayakipizza NIGO,11:30,3.9,,32.0,https://www.ubereats.com/ja-JP/yokohama/food-delivery/%E7%AA%AF%E7%84%BC%E3%81%8D%E3%83%92%E3%82%B5-nigo-kamayakipizza-nigo/AK56K7nvQXSFjMJ0Y8FNVA/
opS5_RiqSIWwx9CPJykNLQ,神奈川県川崎市高津区野川２１８５,21:00,35.5687082,139.6155708,長崎ちゃんぽん リンガーハット 川崎野川店 Ringer Hut KAWASAKI-NOGAWA,11:00,4.5,213-0027,77.0,https://www.ubereats.com/ja-JP/yokohama/food-delivery/%E9%95%B7%E5%B4%8E%E3%81%A1%E3%82%83%E3%82%93%E3%81%BB%E3%82%93-%E3%83%AA%E3%83%B3%E3%82%AB%E3%83%BC%E3%83%8F%E3%83%83%E3%83%88-%E5%B7%9D%E5%B4%8E%E9%87%8E%E5%B7%9D%E5%BA%97-ringer-hut-kawasaki-nogawa/opS5_RiqSIWwx9CPJykNLQ/
YfAUSxabTzuIV4ycmAgNcg,神奈川県川崎市中原区上平間1700-125 Kanagawa,21:00,35.559631599999996,139.6754851,牛たん専門店せんり 平間 Gyutan Senri Hirama,11:00,,211-0013,,https://www.ubereats.com/ja-JP/yokohama/food-delivery/%E7%89%9B%E3%81%9F%E3%82%93%E5%B0%82%E9%96%80%E5%BA%97%E3%81%9B%E3%82%93%E3%82%8A-%E5%B9%B3%E9%96%93-gyutan-senri-hirama/YfAUSxabTzuIV4ycmAgNcg/
LijCZj7TQSCduPeGXeuHsA,Takatsu-Ku Futago 4 Chome−1−２ 中興ビルb1f Kawasaki-Shi Kanagawa-ken,23:00,35.602984,139.61689199999998,べこまる 高津総本家 Bekomaru TAKATSU SOHONKE,11:30,4.4,213-0002,81.0,https://www.ubereats.com/ja-JP/yokohama/food-delivery/%E3%81%B8%E3%81%93%E3%81%BE%E3%82%8B-%E9%AB%98%E6%B4%A5%E7%B7%8F%E6%9C%AC%E5%AE%B6-bekomaru-takatsu-sohonke/LijCZj7TQSCduPeGXeuHsA/
bSpTwS8RS4SejwSdVH5NPQ,1 Chome-15-5 Shinjō Nakahara-Ku 大光トラストビル１Ｆ Kawasaki-Shi Kanagawa-ken,22:00,35.58408,139.631418,キッチンさかば くいきち Kuikichi,17:00,,211-0044,,https://www.ubereats.com/ja-JP/yokohama/food-delivery/%E3%82%AD%E3%83%83%E3%83%81%E3%83%B3%E3%81%95%E3%81%8B%E3%81%AF-%E3%81%8F%E3%81%84%E3%81%8D%E3%81%A1-kuikichi/bSpTwS8RS4SejwSdVH5NPQ/
5eFd4ZEISlGEtC_j8MeBHg,1 Chome-4-25 Hiyoshihonchō Kōhoku-Ku Yokohama-Shi Kanagawa-ken,14:00,35.55424,139.645304,ホアホア HOA HOA,17:30,4.7,223-0062,72.0,https://www.ubereats.com/ja-JP/yokohama/food-delivery/%E3%83%9B%E3%82%A2%E3%83%9B%E3%82%A2-hoa-hoa/5eFd4ZEISlGEtC_j8MeBHg/
gGxrtnAaS1OKeONG53wCdA,中原区上新城２－６－１３  張本ビル１Ｆ Kanagawa,22:15,35.5881529,139.63083410000002,タイレストラン アロイ武蔵新城店 THAIRESUTAURANT AROI,10:45,,211-0045,,https://www.ubereats.com/ja-JP/yokohama/food-delivery/%E3%82%BF%E3%82%A4%E3%83%AC%E3%82%B9%E3%83%88%E3%83%A9%E3%83%B3-%E3%82%A2%E3%83%AD%E3%82%A4%E6%AD%A6%E8%94%B5%E6%96%B0%E5%9F%8E%E5%BA%97-thairesutaurant-aroi/gGxrtnAaS1OKeONG53wCdA/
zpbT_STDQJ-RDGMCqzQETQ,神奈川県川崎市中原区上平間1700-125 Kanagawa,21:00,35.559631599999996,139.6754851,バーガーズカフェグリルフクヨシ 平間 Burgers Cafe Grill Fukuyoshi Hirama,11:00,,211-0013,,https://www.ubereats.com/ja-JP/yokohama/food-delivery/%E3%83%8F%E3%83%BC%E3%82%AB%E3%83%BC%E3%82%B9%E3%82%AB%E3%83%95%E3%82%A7%E3%82%AF%E3%83%AA%E3%83%AB%E3%83%95%E3%82%AF%E3%83%A8%E3%82%B7-%E5%B9%B3%E9%96%93-burgers-cafe-grill-fukuyoshi-hirama/zpbT_STDQJ-RDGMCqzQETQ/
xecGK6GJTque6BPPBJDWUg,高津区溝ノ口２－１６－７ Kawasaki,22:10,35.602188,139.6117686,龍華飯店 溝の口店 Ryuka Hanten Mizonokuchi,11:25,4.4,213-0000,42.0,https://www.ubereats.com/ja-JP/yokohama/food-delivery/%E9%BE%8D%E8%8F%AF%E9%A3%AF%E5%BA%97-%E6%BA%9D%E3%81%AE%E5%8F%A3%E5%BA%97-ryuka-hanten-mizonokuchi/xecGK6GJTque6BPPBJDWUg/
mMgHy2iFQ2mGrEKt4Va93A,17 ２ 2 ２丁目-２-高津区 下作延 高津区 川崎市 神奈川県  Japan,23:00,35.59964899999999,139.608995,串焼のんき Kushiyaki Nonki,16:00,4.4,213-0033,48.0,https://www.ubereats.com/ja-JP/yokohama/food-delivery/%E4%B8%B2%E7%84%BC%E3%81%AE%E3%82%93%E3%81%8D-kushiyaki-nonki/mMgHy2iFQ2mGrEKt4Va93A/
CVWsMdueS9afE1d0Jd4vMQ,神奈川県 川崎市 高津区 梶ヶ谷2-3-14,23:00,35.59178722796421,139.6018227245204,中華料理 鶴軒 Chinese Kakuken,11:20,4.3,,69.0,https://www.ubereats.com/ja-JP/yokohama/food-delivery/%E4%B8%AD%E8%8F%AF%E6%96%99%E7%90%86-%E9%B6%B4%E8%BB%92-chinese-kakuken/CVWsMdueS9afE1d0Jd4vMQ/
oKuUSfKZRemE28xNS1K6Yw,1 Chome-1-3 Hiyoshihonchō Kōhoku-Ku  B1 Yokohama-Shi Kanagawa-ken,22:55,35.553683,139.646067,64(ロクヨン)ダイナー 日吉バーガー 64diner Hiyoshi-burger,11:45,4.2,223-0062,94.0,https://www.ubereats.com/ja-JP/yokohama/food-delivery/64%E3%83%AD%E3%82%AF%E3%83%A8%E3%83%B3%E3%82%BF%E3%82%A4%E3%83%8A%E3%83%BC-%E6%97%A5%E5%90%89%E3%83%8F%E3%83%BC%E3%82%AB%E3%83%BC-64diner-hiyoshi-burger/oKuUSfKZRemE28xNS1K6Yw/
uhQu_bMwQpeNf71JdkiKlA,神奈川県川崎市中原区上平間1700-125 Kanagawa,21:00,35.559631599999996,139.6754851,Omuricecafé Yellowgourmet 平間 Hirama,11:00,,211-0013,,https://www.ubereats.com/ja-JP/yokohama/food-delivery/omuricecafe-yellowgourmet-%E5%B9%B3%E9%96%93-hirama/uhQu_bMwQpeNf71JdkiKlA/
zuP7KC68SGG6w2suk9Ltlg,神奈川県川崎市中原区北谷町46 さつきビル1F Tokyo,22:30,35.5619852,139.67097959999998,南インドダイニング ラニー South India Dining,10:30,4.4,211-0015,25.0,https://www.ubereats.com/ja-JP/yokohama/food-delivery/%E5%8D%97%E3%82%A4%E3%83%B3%E3%83%88%E3%82%BF%E3%82%A4%E3%83%8B%E3%83%B3%E3%82%AF-%E3%83%A9%E3%83%8B%E3%83%BC-south-india-dining/zuP7KC68SGG6w2suk9Ltlg/
iYPqm_ssTeu7W1DxpLwi_g,2 Chome-907-25 Shinmarukohigashi Nakahara-Ku Kawasaki-Shi Kanagawa-ken,22:00,35.577373,139.660694,がブリチキン。武蔵小杉店 Gaburichicken Musashikosugi,17:00,4.6,211-0004,42.0,https://www.ubereats.com/ja-JP/yokohama/food-delivery/%E3%81%8B%E3%83%95%E3%83%AA%E3%83%81%E3%82%AD%E3%83%B3%E3%80%82%E6%AD%A6%E8%94%B5%E5%B0%8F%E6%9D%89%E5%BA%97-gaburichicken-musashikosugi/iYPqm_ssTeu7W1DxpLwi_g/
ZN5IQ0XGTyOYR_LN1IvAuw,2 Chome-13-28 Mizonokuchi Takatsu-Ku ファイブビル溝の口 ２Ｆ Kawasaki-Shi Kanagawa-ken,22:00,35.601791999999996,139.613128,鉄板焼き しょうちゃん Teppanyaki Shochan,18:00,4.3,213-0001,33.0,https://www.ubereats.com/ja-JP/yokohama/food-delivery/%E9%89%84%E6%9D%BF%E7%84%BC%E3%81%8D-%E3%81%97%E3%82%87%E3%81%86%E3%81%A1%E3%82%83%E3%82%93-teppanyaki-shochan/ZN5IQ0XGTyOYR_LN1IvAuw/
g43q4X41QqauVWoABDNH7Q,5-Chōme-9-6 Futago Takatsu-Ku Kawasaki Kanagawa  Japan,22:00,35.601412399999994,139.6160864,原価ビストロBAN！溝の口 Genka Bistro BAN! MIZONOKUCHI,17:00,,213-0002,,https://www.ubereats.com/ja-JP/yokohama/food-delivery/%E5%8E%9F%E4%BE%A1%E3%83%92%E3%82%B9%E3%83%88%E3%83%ADban!%E6%BA%9D%E3%81%AE%E5%8F%A3-genka-bistro-ban!-mizonokuchi/g43q4X41QqauVWoABDNH7Q/
y3VlsNKNTRS5O6TR8ghCEQ,神奈川県川崎市高津区溝口1-16-11,22:00,35.60077039999999,139.61357859999998,てけてけ 溝の口店 Teketeke MIZONOKUCHITENN,17:00,4.3,213-0001,40.0,https://www.ubereats.com/ja-JP/yokohama/food-delivery/%E3%81%A6%E3%81%91%E3%81%A6%E3%81%91-%E6%BA%9D%E3%81%AE%E5%8F%A3%E5%BA%97-teketeke-mizonokuchitenn/y3VlsNKNTRS5O6TR8ghCEQ/
0oBTOBHIQMuKPNGB0z1stQ,神奈川県横浜市港北区日吉本町１丁目３－２,23:00,35.5538196,139.645447,Sガスト 日吉店 S Gusto Hiyoshi,11:00,4.6,223-0062,121.0,https://www.ubereats.com/ja-JP/yokohama/food-delivery/s%E3%82%AB%E3%82%B9%E3%83%88-%E6%97%A5%E5%90%89%E5%BA%97-s-gusto-hiyoshi/0oBTOBHIQMuKPNGB0z1stQ/
YMZh_J6gRYCLzz1j6mVtwA,神奈川県川崎市高津区子母口281-2,21:00,35.5722293,139.629937,和食レストランとんでん 子母口店 Tonden Shiboguchi,11:00,4.6,213-0023,15.0,https://www.ubereats.com/ja-JP/yokohama/food-delivery/%E5%92%8C%E9%A3%9F%E3%83%AC%E3%82%B9%E3%83%88%E3%83%A9%E3%83%B3%E3%81%A8%E3%82%93%E3%81%A6%E3%82%93-%E5%AD%90%E6%AF%8D%E5%8F%A3%E5%BA%97-tonden-shiboguchi/YMZh_J6gRYCLzz1j6mVtwA/
pSkhUoKpT3KcQk2lqHKrcg,1 Chome-18-12 Mizonokuchi Takatsu-Ku Kawasaki-Shi Kanagawa-Ken  Japan 2F,22:00,35.6009064,139.6140035,シャグン SHAGHUN,11:00,4.5,213-0001,106.0,https://www.ubereats.com/ja-JP/yokohama/food-delivery/%E3%82%B7%E3%83%A3%E3%82%AF%E3%83%B3-shaghun/pSkhUoKpT3KcQk2lqHKrcg/
mRVCqDX1Q46LET2mT0rT_g,川崎市中原区 下小田中1-6-20 鹿島ビル1F Kawasaki,22:30,35.5810922,139.6388929,私のアジア 武蔵中原店 Watashi no Asia Musashinakahara,11:00,,211-0041,,https://www.ubereats.com/ja-JP/yokohama/food-delivery/%E7%A7%81%E3%81%AE%E3%82%A2%E3%82%B7%E3%82%A2-%E6%AD%A6%E8%94%B5%E4%B8%AD%E5%8E%9F%E5%BA%97-watashi-no-asia-musashinakahara/mRVCqDX1Q46LET2mT0rT_g/
LZSznZ30Qamlmgc3lU2O5A,川崎市高津区 二子2-5-48 キャッスルくらや 1F Kawasaki,14:30,35.6070565,139.62077730000001,チョウタリ CHAUTARI,17:00,4.6,213-0002,64.0,https://www.ubereats.com/ja-JP/yokohama/food-delivery/%E3%83%81%E3%83%A7%E3%82%A6%E3%82%BF%E3%83%AA-chautari/LZSznZ30Qamlmgc3lU2O5A/
cNFo-EboRPGoyh8TLWczhw,Nakahara-Ku Kizuki 2 Chome−5 Kawasaki-Shi Kanagawa-ken,22:30,35.564629,139.654879,焼肉 のんちゃん Yakiniku Nonchan,11:00,4.3,211-0025,73.0,https://www.ubereats.com/ja-JP/yokohama/food-delivery/%E7%84%BC%E8%82%89-%E3%81%AE%E3%82%93%E3%81%A1%E3%82%83%E3%82%93-yakiniku-nonchan/cNFo-EboRPGoyh8TLWczhw/
F_L_ixPlTUG8h70PiKSe-A,川崎市中原区 下沼部1759  山本向河原第2ビル1F 2F Kawasaki,23:00,35.5732716,139.66768080000003,ニューナマステヒール向河原店 New Namaste Himal,11:00,4.6,211-0011,132.0,https://www.ubereats.com/ja-JP/yokohama/food-delivery/%E3%83%8B%E3%83%A5%E3%83%BC%E3%83%8A%E3%83%9E%E3%82%B9%E3%83%86%E3%83%92%E3%83%BC%E3%83%AB%E5%90%91%E6%B2%B3%E5%8E%9F%E5%BA%97-new-namaste-himal/F_L_ixPlTUG8h70PiKSe-A/
zg14hcJHTCKsaJXfaUkevw,1 Chome-11-20 Mizonokuchi Takatsu-Ku 柴原ビル１F Kawasaki-Shi Kanagawa-ken,23:00,35.6002593,139.612176,牛タン木村屋 溝口本店 Gyutan Kimuraya MIZONOKUCHI-HONTEN,15:00,4.4,213-0001,109.0,https://www.ubereats.com/ja-JP/yokohama/food-delivery/%E7%89%9B%E3%82%BF%E3%83%B3%E6%9C%A8%E6%9D%91%E5%B1%8B-%E6%BA%9D%E5%8F%A3%E6%9C%AC%E5%BA%97-gyutan-kimuraya-mizonokuchi-honten/zg14hcJHTCKsaJXfaUkevw/
vyh6JL7bR3i9qbjskPPXzA,1 Chome-11-14 Shinjō Nakahara-Ku ソシアルビル１Ｆ Kawasaki-Shi Kanagawa-ken,22:00,35.5846,139.631194,新城仲通り中央酒場とり吉 Shinjo Torikichi,17:00,,211-0044,,https://www.ubereats.com/ja-JP/yokohama/food-delivery/%E6%96%B0%E5%9F%8E%E4%BB%B2%E9%80%9A%E3%82%8A%E4%B8%AD%E5%A4%AE%E9%85%92%E5%A0%B4%E3%81%A8%E3%82%8A%E5%90%89-shinjo-torikichi/vyh6JL7bR3i9qbjskPPXzA/
5vRhnQ-HRi6LAw1N5SQXeQ,Nakahara-Ku Kitayachō Kawasaki-Shi Kanagawa-ken,22:30,35.56244,139.670806,四川麻辣火鍋 天府 平間店 SHISEN MA-RA-HINABE TENFU HIRAMA,11:00,4.5,211-0015,106.0,https://www.ubereats.com/ja-JP/yokohama/food-delivery/%E5%9B%9B%E5%B7%9D%E9%BA%BB%E8%BE%A3%E7%81%AB%E9%8D%8B-%E5%A4%A9%E5%BA%9C-%E5%B9%B3%E9%96%93%E5%BA%97-shisen-ma-ra-hinabe-tenfu-hirama/5vRhnQ-HRi6LAw1N5SQXeQ/
ht6TWrH6Q6u1YvlIlAjaHg,Kitayachō Nakahara-Ku Kawasaki-Shi Kanagawa-ken,23:00,35.561679,139.671067,アジアンダイニングアムリット Asian Dinning AMRIT,11:00,4.6,211-0015,117.0,https://www.ubereats.com/ja-JP/yokohama/food-delivery/%E3%82%A2%E3%82%B7%E3%82%A2%E3%83%B3%E3%82%BF%E3%82%A4%E3%83%8B%E3%83%B3%E3%82%AF%E3%82%A2%E3%83%A0%E3%83%AA%E3%83%83%E3%83%88-asian-dinning-amrit/ht6TWrH6Q6u1YvlIlAjaHg/
Q_k2ZnpoRaK_1n197p79KA,神奈川県横浜市港北区日吉本町1丁目23-3 1F Yokohama,22:00,35.5528251,139.646146,そば処 たつ吉 Japanese Noodle TATSUKICHI,11:30,4.3,223-0062,150.0,https://www.ubereats.com/ja-JP/yokohama/food-delivery/%E3%81%9D%E3%81%AF%E5%87%A6-%E3%81%9F%E3%81%A4%E5%90%89-japanese-noodle-tatsukichi/Q_k2ZnpoRaK_1n197p79KA/
7_xckd4PScCFxyRAmk2etg,川崎市高津区 溝口2-6-2 Kawasaki,23:00,35.600551,139.6102104,東京餃子軒 溝の口店 Tokyo Gyoza ken,11:00,4.3,213-0001,179.0,https://www.ubereats.com/ja-JP/yokohama/food-delivery/%E6%9D%B1%E4%BA%AC%E9%A4%83%E5%AD%90%E8%BB%92-%E6%BA%9D%E3%81%AE%E5%8F%A3%E5%BA%97-tokyo-gyoza-ken/7_xckd4PScCFxyRAmk2etg/
5B7AEHyFSu6HrdH0-wSgFw,神奈川県川崎市中原区上平間1700-125 Kanagawa,21:00,35.559631599999996,139.6754851,神保町ビーフ 平間 Jinbocho Beef Hirama,11:00,4.6,211-0013,19.0,https://www.ubereats.com/ja-JP/yokohama/food-delivery/%E7%A5%9E%E4%BF%9D%E7%94%BA%E3%83%92%E3%83%BC%E3%83%95-%E5%B9%B3%E9%96%93-jinbocho-beef-hirama/5B7AEHyFSu6HrdH0-wSgFw/
Pnv8OzM-QzWPlV8D_xH_VQ,神奈川県川崎市高津区新作6-9-41 Kanagawa,22:30,35.5864285,139.62820259999998,ナポリの窯 武蔵新城 Naporinokama Musashishinjo,11:00,,213-0014,,https://www.ubereats.com/ja-JP/yokohama/food-delivery/%E3%83%8A%E3%83%9B%E3%83%AA%E3%81%AE%E7%AA%AF-%E6%AD%A6%E8%94%B5%E6%96%B0%E5%9F%8E-naporinokama-musashishinjo/Pnv8OzM-QzWPlV8D_xH_VQ/
myJbQoxgT6qVhAyhEieleg,神奈川県横浜市港北区日吉3-2-15 Kanagawa,22:00,35.557471899999996,139.64994430000002,キッチン オリジン 日吉 Kitchen Origin Hiyoshi,10:00,4.2,223-0061,32.0,https://www.ubereats.com/ja-JP/yokohama/food-delivery/%E3%82%AD%E3%83%83%E3%83%81%E3%83%B3-%E3%82%AA%E3%83%AA%E3%82%B7%E3%83%B3-%E6%97%A5%E5%90%89-kitchen-origin-hiyoshi/myJbQoxgT6qVhAyhEieleg/
CgYF9xNWQMuAftet05SCrw,５丁目-５-2 二子 高津区 ジュメリ高津1階 川崎市 神奈川県,22:30,35.60183499999999,139.617213,エビン 高津店 yabin takatsu,10:45,4.5,213-0002,229.0,https://www.ubereats.com/ja-JP/yokohama/food-delivery/%E3%82%A8%E3%83%92%E3%83%B3-%E9%AB%98%E6%B4%A5%E5%BA%97-yabin-takatsu/CgYF9xNWQMuAftet05SCrw/
29-WznFeQI-VpQj6ZY7t-w,川崎市中原区新丸子東1-827 YM新丸子1F,23:55,35.58023652485256,139.66324782926563,魚ダイニングJin sakana dining Jin,12:30,4.6,,32.0,https://www.ubereats.com/ja-JP/yokohama/food-delivery/%E9%AD%9A%E3%82%BF%E3%82%A4%E3%83%8B%E3%83%B3%E3%82%AFjin-sakana-dining-jin/29-WznFeQI-VpQj6ZY7t-w/
akZLodD_Q22hr--P5ph7UA,３丁目 小杉町 中原区 川崎市 神奈川県,21:30,35.573823,139.658625,ブラッスリー ムー Brasserie Muh,12:00,3.9,211-0063,16.0,https://www.ubereats.com/ja-JP/yokohama/food-delivery/%E3%83%95%E3%83%A9%E3%83%83%E3%82%B9%E3%83%AA%E3%83%BC-%E3%83%A0%E3%83%BC-brasserie-muh/akZLodD_Q22hr--P5ph7UA/
IWk0nAixTUW0s4scy5MXUw,中原区新丸子町915 Yokohama,22:30,35.5778875,139.6603141,タイ屋台居酒屋バカソウルアジア 武蔵小杉 Bakasoul Asia Musashi-Kosugi,12:00,4.3,211-0005,42.0,https://www.ubereats.com/ja-JP/yokohama/food-delivery/%E3%82%BF%E3%82%A4%E5%B1%8B%E5%8F%B0%E5%B1%85%E9%85%92%E5%B1%8B%E3%83%8F%E3%82%AB%E3%82%BD%E3%82%A6%E3%83%AB%E3%82%A2%E3%82%B7%E3%82%A2-%E6%AD%A6%E8%94%B5%E5%B0%8F%E6%9D%89-bakasoul-asia-musashi-kosugi/IWk0nAixTUW0s4scy5MXUw/
isH66YsOSjmblAQ6VQWGng,神奈川県川崎市中原区木月四丁目31番7号 リンコー日吉ビル1階,22:00,35.5590088,139.6517927,はま寿司 日吉店 Hamazushi Hiyoshi,11:00,4.2,211-0025,143.0,https://www.ubereats.com/ja-JP/yokohama/food-delivery/%E3%81%AF%E3%81%BE%E5%AF%BF%E5%8F%B8-%E6%97%A5%E5%90%89%E5%BA%97-hamazushi-hiyoshi/isH66YsOSjmblAQ6VQWGng/
Vp7XxgwzThWpu75322MOSg,神奈川県 川崎市 中原区 丸子通 1-636 Kawasaki,23:00,35.5817451,139.663669,焼肉 慶 Yakiniku Kei,17:00,,211-0006,,https://www.ubereats.com/ja-JP/yokohama/food-delivery/%E7%84%BC%E8%82%89-%E6%85%B6-yakiniku-kei/Vp7XxgwzThWpu75322MOSg/
dSHxDsu2QTGPMTYhkxnKRQ,神奈川県川崎市高津区溝口１－１－５ ホテルメッツ溝ノ口２Ｆ,22:00,35.599306,139.61047299999998,デニーズ 溝ノ口駅前 Denny's MIZONOKUCHIEKIMAE,11:00,4.2,213-0001,75.0,https://www.ubereats.com/ja-JP/yokohama/food-delivery/%E3%83%86%E3%83%8B%E3%83%BC%E3%82%B9-%E6%BA%9D%E3%83%8E%E5%8F%A3%E9%A7%85%E5%89%8D-dennys-mizonokuchiekimae/dSHxDsu2QTGPMTYhkxnKRQ/
6K0r3gQHTsqF0nj2UvViDw,Nakahara-Ku Kosugimachi 3 Chome Kawasaki-Shi Kanagawa-ken,13:30,35.574331,139.658695,魚武酒場 UODAKE Sakaba,11:30,4.8,211-0063,10.0,https://www.ubereats.com/ja-JP/yokohama/food-delivery/%E9%AD%9A%E6%AD%A6%E9%85%92%E5%A0%B4-uodake-sakaba/6K0r3gQHTsqF0nj2UvViDw/
4ZftmrSsSgSorVm9GFC0GA,神奈川県横浜市港北区日吉本町１－１－６ HIKARUビル１F,21:00,35.5537686,139.64621,ファーストキッチン 日吉店 First Kitchen HIYOSHI,11:00,4.3,223-0062,318.0,https://www.ubereats.com/ja-JP/yokohama/food-delivery/%E3%83%95%E3%82%A1%E3%83%BC%E3%82%B9%E3%83%88%E3%82%AD%E3%83%83%E3%83%81%E3%83%B3-%E6%97%A5%E5%90%89%E5%BA%97-first-kitchen-hiyoshi/4ZftmrSsSgSorVm9GFC0GA/
dQBgmN-kQqqLvvQrybSLVg,神奈川県川崎市幸区南加瀬２丁目７－１８,22:00,35.5497285,139.65938500000001,ガスト 南加瀬店 Gusto Minami Kase,10:30,4.6,212-0055,122.0,https://www.ubereats.com/ja-JP/yokohama/food-delivery/%E3%82%AB%E3%82%B9%E3%83%88-%E5%8D%97%E5%8A%A0%E7%80%AC%E5%BA%97-gusto-minami-kase/dQBgmN-kQqqLvvQrybSLVg/
GfbZ9EXES2qSq-m9Q7Qzpw,Nakahara-Ku Shinmarukomachi 川崎市中原区 Kanagawa-ken,22:30,35.580032,139.66031999999998,ナマステ 新丸子店 Namaste Shinmaruko,11:15,4.6,211-0005,34.0,https://www.ubereats.com/ja-JP/yokohama/food-delivery/%E3%83%8A%E3%83%9E%E3%82%B9%E3%83%86-%E6%96%B0%E4%B8%B8%E5%AD%90%E5%BA%97-namaste-shinmaruko/GfbZ9EXES2qSq-m9Q7Qzpw/
OyBCNWQQQwSGpX649DkeIw,Nakahara-Ku Kosugimachi 1 Chome 川崎市中原区 神奈川県,22:30,35.578718,139.659095,伊佐木商店 武蔵小杉店 isakisyouten,17:00,4.3,211-0063,18.0,https://www.ubereats.com/ja-JP/yokohama/food-delivery/%E4%BC%8A%E4%BD%90%E6%9C%A8%E5%95%86%E5%BA%97-%E6%AD%A6%E8%94%B5%E5%B0%8F%E6%9D%89%E5%BA%97-isakisyouten/OyBCNWQQQwSGpX649DkeIw/
ObenIKOGTAekwne6zj1KIw,神奈川県川崎市中原区北谷町8,22:30,35.561403999999996,139.671359,松屋 平間店 Matsuya Hirama,10:00,4.3,211-0015,92.0,https://www.ubereats.com/ja-JP/yokohama/food-delivery/%E6%9D%BE%E5%B1%8B-%E5%B9%B3%E9%96%93%E5%BA%97-matsuya-hirama/ObenIKOGTAekwne6zj1KIw/
csHBBeVVT1SVxqWZ-IQXVQ,神奈川県川崎市中原区木月４−５−３,22:00,35.56002739636271,139.6543500125282,ピザハット 木月 Pizza Hut KIZUKI,11:00,4.5,,120.0,https://www.ubereats.com/ja-JP/yokohama/food-delivery/%E3%83%92%E3%82%B5%E3%83%8F%E3%83%83%E3%83%88-%E6%9C%A8%E6%9C%88-pizza-hut-kizuki/csHBBeVVT1SVxqWZ-IQXVQ/
l1RZOK-jSQWSzsemEZ8Ptw,神奈川県川崎市高津区子母口521-2,23:00,35.5712164,139.6331866,吉野家 子母口店 Yoshinoya SHIBOKUCHI,10:00,4.8,213-0023,23.0,https://www.ubereats.com/ja-JP/yokohama/food-delivery/%E5%90%89%E9%87%8E%E5%AE%B6-%E5%AD%90%E6%AF%8D%E5%8F%A3%E5%BA%97-yoshinoya-shibokuchi/l1RZOK-jSQWSzsemEZ8Ptw/
6mWY5LNrRxuzwo8Qvsl_cw,神奈川県川崎市幸区北加瀬３丁目１６－５,22:00,35.5564107,139.6592126,バーミヤン 北加瀬店 Bamiyan Kitakase,10:30,4.5,212-0057,159.0,https://www.ubereats.com/ja-JP/yokohama/food-delivery/%E3%83%8F%E3%83%BC%E3%83%9F%E3%83%A4%E3%83%B3-%E5%8C%97%E5%8A%A0%E7%80%AC%E5%BA%97-bamiyan-kitakase/6mWY5LNrRxuzwo8Qvsl_cw/
3ord5Bl9RyS1WmsC7UkVzw,川崎市中原区 上新城2-6-14 志村ビル1F Kawasaki,21:00,35.5882376,139.6308443,丼丸 武蔵新城店 donmaru musasisinjyouten,11:00,4.4,211-0045,160.0,https://www.ubereats.com/ja-JP/yokohama/food-delivery/%E4%B8%BC%E4%B8%B8-%E6%AD%A6%E8%94%B5%E6%96%B0%E5%9F%8E%E5%BA%97-donmaru-musasisinjyouten/3ord5Bl9RyS1WmsC7UkVzw/
Wf9L2-91QXCAFdByzJb9VA,1 Chome-6-20 Shimokodanaka Nakahara-Ku Kawasaki-Shi Kanagawa-ken,22:30,35.581066,139.638923,ナマステヒマラヤ Namaste Himalaya,11:00,4.6,211-0041,57.0,https://www.ubereats.com/ja-JP/yokohama/food-delivery/%E3%83%8A%E3%83%9E%E3%82%B9%E3%83%86%E3%83%92%E3%83%9E%E3%83%A9%E3%83%A4-namaste-himalaya/Wf9L2-91QXCAFdByzJb9VA/
yTqAwhu5QOSn-2dpddFMzw,神奈川県川崎市高津区下作延4-24-44,23:00,35.5972875,139.6035133,かつや 川崎梶ケ谷店 Katsuya KAWASAKI KAJIGAYA,10:00,4.5,213-0033,493.0,https://www.ubereats.com/ja-JP/yokohama/food-delivery/%E3%81%8B%E3%81%A4%E3%82%84-%E5%B7%9D%E5%B4%8E%E6%A2%B6%E3%82%B1%E8%B0%B7%E5%BA%97-katsuya-kawasaki-kajigaya/yTqAwhu5QOSn-2dpddFMzw/
zS3-MnxQR8WA6Xrey-TP2Q,Nakahara-Ku Kosugimachi ３丁目 Kawasaki-Shi Kanagawa-ken,14:30,35.574422999999996,139.65615,イルヴェント IL VENTO,17:30,4.5,211-0063,97.0,https://www.ubereats.com/ja-JP/yokohama/food-delivery/%E3%82%A4%E3%83%AB%E3%82%A6%E3%82%A7%E3%83%B3%E3%83%88-il-vento/zS3-MnxQR8WA6Xrey-TP2Q/
uQMBI95YSteG186gcMuOMA,川崎市高津区 溝口4-2-1 Kawasaki,21:00,35.6034854,139.6171411,三崎丼丸 高津店 Misaki Donmaru Takatsu-ten,11:00,4.5,213-0001,97.0,https://www.ubereats.com/ja-JP/yokohama/food-delivery/%E4%B8%89%E5%B4%8E%E4%B8%BC%E4%B8%B8-%E9%AB%98%E6%B4%A5%E5%BA%97-misaki-donmaru-takatsu-ten/uQMBI95YSteG186gcMuOMA/
WUnRH2zkRt-nwxMXIB-N8Q,神奈川県川崎市高津区溝口1-15-5 1FA画,21:00,35.60051334992541,139.61361743956124,TAPIRU 溝の口店 TAPIRU MIZONOKUCHI,11:00,4.3,,86.0,https://www.ubereats.com/ja-JP/yokohama/food-delivery/tapiru-%E6%BA%9D%E3%81%AE%E5%8F%A3%E5%BA%97-tapiru-mizonokuchi/WUnRH2zkRt-nwxMXIB-N8Q/
TtbJFAFKSwOhdiZE8oRxEA,神奈川県 川崎市 中原区 下小田中 1-5-25 Kanagawa,21:00,35.58111820000001,139.6398493,頂 丼丸 Itadaki Donmaru,11:00,4.4,211-0041,50.0,https://www.ubereats.com/ja-JP/yokohama/food-delivery/%E9%A0%82-%E4%B8%BC%E4%B8%B8-itadaki-donmaru/TtbJFAFKSwOhdiZE8oRxEA/
sC54AmpyQKCsWGzvO55S1g,1 Chome-8-5 Mizonokuchi Takatsu-Ku フジモトビル２Ｆ Kawasaki-Shi Kanagawa-ken,22:30,35.599651,139.612723,大戸屋ごはん処  溝の口店 Ootoya Mizonokuchi,11:00,4.5,213-0001,500.0,https://www.ubereats.com/ja-JP/yokohama/food-delivery/%E5%A4%A7%E6%88%B8%E5%B1%8B%E3%81%93%E3%81%AF%E3%82%93%E5%87%A6-%E6%BA%9D%E3%81%AE%E5%8F%A3%E5%BA%97-ootoya-mizonokuchi/sC54AmpyQKCsWGzvO55S1g/
lVAPMJMkRiGoMySlG0E90Q,神奈川県川崎市中原区小杉町3-430-1,23:00,35.57435200000001,139.65854,牛タン圭助 武蔵小杉 Gyutan Keisuke MUSASHIKOSUGI,14:00,4.2,211-0063,231.0,https://www.ubereats.com/ja-JP/yokohama/food-delivery/%E7%89%9B%E3%82%BF%E3%83%B3%E5%9C%AD%E5%8A%A9-%E6%AD%A6%E8%94%B5%E5%B0%8F%E6%9D%89-gyutan-keisuke-musashikosugi/lVAPMJMkRiGoMySlG0E90Q/
ParVoJgfQ2enwzYznD3laA,神奈川県川崎市中原区宮内4-30-10 Kanagawa,21:30,35.585937799999996,139.64321130000002,ジョリーパスタ 武蔵小杉店 Jolly Pasta Musashi Kosugi,11:00,,211-0051,,https://www.ubereats.com/ja-JP/yokohama/food-delivery/%E3%82%B7%E3%83%A7%E3%83%AA%E3%83%BC%E3%83%8F%E3%82%B9%E3%82%BF-%E6%AD%A6%E8%94%B5%E5%B0%8F%E6%9D%89%E5%BA%97-jolly-pasta-musashi-kosugi/ParVoJgfQ2enwzYznD3laA/
o1Jxcqp5R1uB_w-FCs7FXg,溝口１丁目９−６ 丸屋ビル 4F 川崎市 神奈川県,23:00,35.5997922,139.6122106,Tabele°溝の口 Tabele Mizonokuchi,11:30,4.4,213-0001,38.0,https://www.ubereats.com/ja-JP/yokohama/food-delivery/tabele%E6%BA%9D%E3%81%AE%E5%8F%A3-tabele-mizonokuchi/o1Jxcqp5R1uB_w-FCs7FXg/
8sTOD0idRyuv1cIo0Yh_fA,神奈川県川崎市中原区井田中ﾉ町41-6 Kanagawa,22:00,35.563486299999994,139.6448727,ナポリの窯 元住吉 Naporinokama Motosumiyoshi,11:00,,211-0034,,https://www.ubereats.com/ja-JP/yokohama/food-delivery/%E3%83%8A%E3%83%9B%E3%83%AA%E3%81%AE%E7%AA%AF-%E5%85%83%E4%BD%8F%E5%90%89-naporinokama-motosumiyoshi/8sTOD0idRyuv1cIo0Yh_fA/
3Wq7aVYxRCaFrOHK8wVtRg,神奈川県川崎市中原区新城5-1-3 フクシマビル,22:30,35.586835,139.629612,松乃家 武蔵新城店 Matsunoya Musashi Shinjo,10:00,4.4,211-0044,270.0,https://www.ubereats.com/ja-JP/yokohama/food-delivery/%E6%9D%BE%E4%B9%83%E5%AE%B6-%E6%AD%A6%E8%94%B5%E6%96%B0%E5%9F%8E%E5%BA%97-matsunoya-musashi-shinjo/3Wq7aVYxRCaFrOHK8wVtRg/
VRnl0qcJSJat2SWAXSDePw,神奈川県川崎市中原区上小田中5-2-10 コーポ長瀬102,11:00,35.581360075497436,139.64018918579495,アスカダイニング Aska Dining,10:00,4.5,211-0053,34.0,https://www.ubereats.com/ja-JP/yokohama/food-delivery/%E3%82%A2%E3%82%B9%E3%82%AB%E3%82%BF%E3%82%A4%E3%83%8B%E3%83%B3%E3%82%AF-aska-dining/VRnl0qcJSJat2SWAXSDePw/
geeOcwkIR1ihdYzmlaiiwg,神奈川県横浜市港北区日吉本町1-16 ﾏｲｷｬｯｽﾙ日吉1階 Kanagawa,23:00,35.5539249,139.6439539,カレーハウス CoCo壱番屋 港北区日吉中央通り Curry House CoCo Ichibanya Kouhokuku Hiyoshichuodori,11:00,4.9,223-0062,14.0,https://www.ubereats.com/ja-JP/yokohama/food-delivery/%E3%82%AB%E3%83%AC%E3%83%BC%E3%83%8F%E3%82%A6%E3%82%B9-coco%E5%A3%B1%E7%95%AA%E5%B1%8B-%E6%B8%AF%E5%8C%97%E5%8C%BA%E6%97%A5%E5%90%89%E4%B8%AD%E5%A4%AE%E9%80%9A%E3%82%8A-curry-house-coco-ichibanya-kouhokuku-hiyoshichuodori/geeOcwkIR1ihdYzmlaiiwg/
sopRqEHlRpybq4IhG6S79w,神奈川県川崎市中原区下新城２−６−１,22:00,35.57810139999999,139.6331639,ピザハット 下新城 Pizza Hut SHIMOSHINNJOU,11:00,4.5,211-0042,159.0,https://www.ubereats.com/ja-JP/yokohama/food-delivery/%E3%83%92%E3%82%B5%E3%83%8F%E3%83%83%E3%83%88-%E4%B8%8B%E6%96%B0%E5%9F%8E-pizza-hut-shimoshinnjou/sopRqEHlRpybq4IhG6S79w/
GfSr217DQfSl4Q_azGZAEg,神奈川県川崎市中原区新丸子町739番地 Kanagawa,22:00,35.5806919,139.6612956,キッチンオリジン 新丸子 Kitchen Origin Shinmaruko,10:00,4.0,211-0005,19.0,https://www.ubereats.com/ja-JP/yokohama/food-delivery/%E3%82%AD%E3%83%83%E3%83%81%E3%83%B3%E3%82%AA%E3%83%AA%E3%82%B7%E3%83%B3-%E6%96%B0%E4%B8%B8%E5%AD%90-kitchen-origin-shinmaruko/GfSr217DQfSl4Q_azGZAEg/
r5Tnz0vIQmGpAH0m770Ynw,神奈川県 川崎市 中原区 木月3丁目6-18 Kanagawa,21:30,35.5654836,139.6508807,アリトル 元住吉店 A'LITTLE MOTOSUMIYOSHI,11:00,4.6,211-0025,337.0,https://www.ubereats.com/ja-JP/yokohama/food-delivery/%E3%82%A2%E3%83%AA%E3%83%88%E3%83%AB-%E5%85%83%E4%BD%8F%E5%90%89%E5%BA%97-alittle-motosumiyoshi/r5Tnz0vIQmGpAH0m770Ynw/
yXzU_4T6TqSza-sr1BgO_w,川崎市川崎区新丸子町911-1 ユニーブル小杉2f Kawasaki,22:45,35.5783721,139.6606351,川湘楼 Kawsashoro,10:30,4.5,211-0005,464.0,https://www.ubereats.com/ja-JP/yokohama/food-delivery/%E5%B7%9D%E6%B9%98%E6%A5%BC-kawsashoro/yXzU_4T6TqSza-sr1BgO_w/
T7Fa_secRD6W66-9f1BweQ,神奈川県川崎市中原区新丸子東1-772 藤川ﾋﾞﾙ1F Kanagawa,22:00,35.5803846,139.6621692,情熱のすためしどんどん 新丸子 Sutameshidondon Shinmaruko,11:00,4.4,211-0004,121.0,https://www.ubereats.com/ja-JP/yokohama/food-delivery/%E6%83%85%E7%86%B1%E3%81%AE%E3%81%99%E3%81%9F%E3%82%81%E3%81%97%E3%81%A8%E3%82%93%E3%81%A8%E3%82%93-%E6%96%B0%E4%B8%B8%E5%AD%90-sutameshidondon-shinmaruko/T7Fa_secRD6W66-9f1BweQ/
WjE4522VR2uDfOyy8r9Jbw,915-2 Shinmarukomachi Nakahara-Ku Kawasaki-Shi Kanagawa-Ken  Japan サミットビル1F,21:30,35.578156899999996,139.6602224,タイレストラン コピーピー 小杉店 Thai Restaurant Koh Phi Phi,15:00,4.3,211-0005,237.0,https://www.ubereats.com/ja-JP/yokohama/food-delivery/%E3%82%BF%E3%82%A4%E3%83%AC%E3%82%B9%E3%83%88%E3%83%A9%E3%83%B3-%E3%82%B3%E3%83%92%E3%83%BC%E3%83%92%E3%83%BC-%E5%B0%8F%E6%9D%89%E5%BA%97-thai-restaurant-koh-phi-phi/WjE4522VR2uDfOyy8r9Jbw/
djXwc14ZSy-H7VMsfEiFIg,日本、〒 神奈川県川崎市中原区上新城２丁目７−１９ 神奈川県,22:50,35.58829869999999,139.630427,boba tea 武蔵新城店 boba tea Musashishinjo,10:00,4.6,211-0045,500.0,https://www.ubereats.com/ja-JP/yokohama/food-delivery/boba-tea-%E6%AD%A6%E8%94%B5%E6%96%B0%E5%9F%8E%E5%BA%97-boba-tea-musashishinjo/djXwc14ZSy-H7VMsfEiFIg/
lZm9XHUBSg60D1FfJwa9sQ,神奈川県川崎市中原区下小田中1-8-2 KFAビル2F Kanagawa,21:30,35.5810586,139.6385641,韓国料理チョリ Korean Food Chori,18:00,4.4,211-0041,15.0,https://www.ubereats.com/ja-JP/yokohama/food-delivery/%E9%9F%93%E5%9B%BD%E6%96%99%E7%90%86%E3%83%81%E3%83%A7%E3%83%AA-korean-food-chori/lZm9XHUBSg60D1FfJwa9sQ/
FfjAhEj-SiuSHZM5kMa1ww,神奈川県川崎市中原区小杉町3-472 武蔵小杉東急スクエア1F,21:00,35.576125,139.659086,フレッシュネスバーガー 武蔵小杉東急スクエア店 Freshness Burger Musashikosugi Tokyu Square,10:00,4.5,211-0063,480.0,https://www.ubereats.com/ja-JP/yokohama/food-delivery/%E3%83%95%E3%83%AC%E3%83%83%E3%82%B7%E3%83%A5%E3%83%8D%E3%82%B9%E3%83%8F%E3%83%BC%E3%82%AB%E3%83%BC-%E6%AD%A6%E8%94%B5%E5%B0%8F%E6%9D%89%E6%9D%B1%E6%80%A5%E3%82%B9%E3%82%AF%E3%82%A8%E3%82%A2%E5%BA%97-freshness-burger-musashikosugi-tokyu-square/FfjAhEj-SiuSHZM5kMa1ww/
68iITecGQP-GRmJEOhCTkA,神奈川県川崎市中原区小杉町１丁目４０３番地 小杉ビルディング２Ｆ,22:00,35.576870286391845,139.65891587519448,ガスト 武蔵小杉駅前店 Gusto Musashi Kosugi,10:30,4.5,,168.0,https://www.ubereats.com/ja-JP/yokohama/food-delivery/%E3%82%AB%E3%82%B9%E3%83%88-%E6%AD%A6%E8%94%B5%E5%B0%8F%E6%9D%89%E9%A7%85%E5%89%8D%E5%BA%97-gusto-musashi-kosugi/68iITecGQP-GRmJEOhCTkA/
ZsbAOJktS4iy0rpst0X6TA,神奈川県川崎市中原区今井仲町４－３１,22:00,35.5769015,139.6509345,バーミヤン 武蔵小杉店 Bamiyan Musashi Kosugi,10:30,4.4,211-0065,329.0,https://www.ubereats.com/ja-JP/yokohama/food-delivery/%E3%83%8F%E3%83%BC%E3%83%9F%E3%83%A4%E3%83%B3-%E6%AD%A6%E8%94%B5%E5%B0%8F%E6%9D%89%E5%BA%97-bamiyan-musashi-kosugi/ZsbAOJktS4iy0rpst0X6TA/
hX8Pj-iPQEGUe7vPVlRCGw,神奈川県川崎市中原区上新城2-10-15 新城ﾛｲﾔﾙﾌﾟﾗｻﾞ1F,22:30,35.587492,139.630186,松屋 武蔵新城店 Matsuya Musashishinjo,10:00,4.5,211-0045,262.0,https://www.ubereats.com/ja-JP/yokohama/food-delivery/%E6%9D%BE%E5%B1%8B-%E6%AD%A6%E8%94%B5%E6%96%B0%E5%9F%8E%E5%BA%97-matsuya-musashishinjo/hX8Pj-iPQEGUe7vPVlRCGw/
x4zbGpC-Q1aQ6hMOjdIRHw,神奈川県横浜市港北区日吉本町1-24-4,21:00,35.55264052307759,139.6457766005272,マハラジャ バグ Maharaja Bag,11:00,,,,https://www.ubereats.com/ja-JP/yokohama/food-delivery/%E3%83%9E%E3%83%8F%E3%83%A9%E3%82%B7%E3%83%A3-%E3%83%8F%E3%82%AF-maharaja-bag/x4zbGpC-Q1aQ6hMOjdIRHw/
IA_Ki0-dQWe5SrytViO61A,神奈川県川崎市中原区宮内4丁目7-12 Kanagawa,22:00,35.5843471,139.64619309999998,ビッグボーイ 川崎等々力 BigBoy Kawasakitodoroki,11:00,4.5,211-0051,55.0,https://www.ubereats.com/ja-JP/yokohama/food-delivery/%E3%83%92%E3%83%83%E3%82%AF%E3%83%9B%E3%83%BC%E3%82%A4-%E5%B7%9D%E5%B4%8E%E7%AD%89%E3%80%85%E5%8A%9B-bigboy-kawasakitodoroki/IA_Ki0-dQWe5SrytViO61A/
ZddbPrHMTyu1s1keuR0Hug,神奈川県川崎市中原区井田中ノ町2-1 Yokohama,21:45,35.56545360000001,139.6477467,丼丸 元住吉  Bay Donmaru Motosumiyoshi,11:00,4.5,211-0034,339.0,https://www.ubereats.com/ja-JP/yokohama/food-delivery/%E4%B8%BC%E4%B8%B8-%E5%85%83%E4%BD%8F%E5%90%89-bay-donmaru-motosumiyoshi/ZddbPrHMTyu1s1keuR0Hug/
XE8PaiYeTK6-M-Q9Ezeugg,神奈川県川崎市中原区上小田中6-17-7,21:15,35.5792345,139.6447905,なか卯 武蔵中原店 Nakau Musashi-Nakahara,10:00,4.5,211-0053,330.0,https://www.ubereats.com/ja-JP/yokohama/food-delivery/%E3%81%AA%E3%81%8B%E5%8D%AF-%E6%AD%A6%E8%94%B5%E4%B8%AD%E5%8E%9F%E5%BA%97-nakau-musashi-nakahara/XE8PaiYeTK6-M-Q9Ezeugg/
nAfdxT6ySHWlKcGwkN0mEA,川崎市中原区上小田中4-2-1 Beans1F,23:00,35.581375799999996,139.6409824,すき家 武蔵中原店 Sukiya Musashinakahara,10:00,,211-0053,,https://www.ubereats.com/ja-JP/yokohama/food-delivery/%E3%81%99%E3%81%8D%E5%AE%B6-%E6%AD%A6%E8%94%B5%E4%B8%AD%E5%8E%9F%E5%BA%97-sukiya-musashinakahara/nAfdxT6ySHWlKcGwkN0mEA/
gqJViZhPTbSuTmX1mzVN5w,神奈川県横浜市港北区日吉本町1-3-3 力亭ビル１階東号,22:00,35.55383670000001,139.6453188,からやま 日吉店 Karayama HIYOSHI,10:30,4.5,223-0052,500.0,https://www.ubereats.com/ja-JP/yokohama/food-delivery/%E3%81%8B%E3%82%89%E3%82%84%E3%81%BE-%E6%97%A5%E5%90%89%E5%BA%97-karayama-hiyoshi/gqJViZhPTbSuTmX1mzVN5w/
j4_S_Oi7QkehwrExCdepQg,神奈川県川崎市中原区小杉町3丁目441番26,23:59,35.574114806653,139.65861862475487,吉野家 武蔵小杉南口店 Yoshinoya MUSASHIKOSUGI MINAMIGUCHI,09:00,4.5,,192.0,https://www.ubereats.com/ja-JP/yokohama/food-delivery/%E5%90%89%E9%87%8E%E5%AE%B6-%E6%AD%A6%E8%94%B5%E5%B0%8F%E6%9D%89%E5%8D%97%E5%8F%A3%E5%BA%97-yoshinoya-musashikosugi-minamiguchi/j4_S_Oi7QkehwrExCdepQg/
qbeU9y2SRQK3L3WwY6kBBw,3-Chōme-22-2 Kosugimachi Nakahara-Ku,22:00,35.573302399408284,139.65717506052536,オウルティー OWL TEA,11:00,4.6,,500.0,https://www.ubereats.com/ja-JP/yokohama/food-delivery/%E3%82%AA%E3%82%A6%E3%83%AB%E3%83%86%E3%82%A3%E3%83%BC-owl-tea/qbeU9y2SRQK3L3WwY6kBBw/
vNWLv-GISt-J3Qwdjp9Dbw,神奈川県川崎市中原区小杉町3-472 武蔵小杉東急スクエア ステーションマーケット,22:00,35.5758915,139.65941719999998,からやま 武蔵小杉店 Karayama MUSASHI-KOSUGI,10:30,4.6,211-8619,500.0,https://www.ubereats.com/ja-JP/yokohama/food-delivery/%E3%81%8B%E3%82%89%E3%82%84%E3%81%BE-%E6%AD%A6%E8%94%B5%E5%B0%8F%E6%9D%89%E5%BA%97-karayama-musashi-kosugi/vNWLv-GISt-J3Qwdjp9Dbw/
RwedLRzuQxuqtLb-2LGOpA,中原区上新城2-8-22 三井ビル１階,22:10,35.5875943418719,139.63053691861742,Me Tea,10:00,4.5,,500.0,https://www.ubereats.com/ja-JP/yokohama/food-delivery/me-tea/RwedLRzuQxuqtLb-2LGOpA/
KUtmdSTrQT2mupGRp8WmSA,神奈川県川崎市高津区明津２００,21:00,35.568739,139.636728,ケンタッキーフライドチキン 子母口店 Kentucky Fried Chicken SHIBOKUCHI,10:30,4.5,213-0024,500.0,https://www.ubereats.com/ja-JP/yokohama/food-delivery/%E3%82%B1%E3%83%B3%E3%82%BF%E3%83%83%E3%82%AD%E3%83%BC%E3%83%95%E3%83%A9%E3%82%A4%E3%83%88%E3%83%81%E3%82%AD%E3%83%B3-%E5%AD%90%E6%AF%8D%E5%8F%A3%E5%BA%97-kentucky-fried-chicken-shibokuchi/KUtmdSTrQT2mupGRp8WmSA/
WII3WLGmQsKBGSvgGQFDxA,神奈川県川崎市高津区溝口2-8-12,23:59,35.6002971,139.61118480000002,伝説のすた丼屋  溝の口 Densetsu no Sutadonya Mizonokuchi,11:00,4.4,213-0001,500.0,https://www.ubereats.com/ja-JP/yokohama/food-delivery/%E4%BC%9D%E8%AA%AC%E3%81%AE%E3%81%99%E3%81%9F%E4%B8%BC%E5%B1%8B-%E6%BA%9D%E3%81%AE%E5%8F%A3-densetsu-no-sutadonya-mizonokuchi/WII3WLGmQsKBGSvgGQFDxA/
7DKpURPwQByeEmOn-NOyUw,神奈川県川崎市中原区上小田中４－２－１,23:00,35.581376,139.640982,マクドナルド ビーンズ武蔵中原店 McDonald's BEANS MUSASHI NAKAHARA,10:30,4.5,2110053,500.0,https://www.ubereats.com/ja-JP/yokohama/food-delivery/%E3%83%9E%E3%82%AF%E3%83%88%E3%83%8A%E3%83%AB%E3%83%88-%E3%83%92%E3%83%BC%E3%83%B3%E3%82%B9%E6%AD%A6%E8%94%B5%E4%B8%AD%E5%8E%9F%E5%BA%97-mcdonalds-beans-musashi-nakahara/7DKpURPwQByeEmOn-NOyUw/
j53TCiGnTcWwU2GcqGPIPw,Nakahara-Ku Kizuki 4 Chome−22 Kawasaki-Shi Kanagawa-ken,22:00,35.558363,139.657382,インドダイニングアリア Indian Dining Aria,11:00,4.6,211-0025,500.0,https://www.ubereats.com/ja-JP/yokohama/food-delivery/%E3%82%A4%E3%83%B3%E3%83%88%E3%82%BF%E3%82%A4%E3%83%8B%E3%83%B3%E3%82%AF%E3%82%A2%E3%83%AA%E3%82%A2-indian-dining-aria/j53TCiGnTcWwU2GcqGPIPw/
2hLkihniRvmYdD3RBKLjaQ,神奈川県川崎市中原区新丸子東2-924-8 Kanagawa,23:59,35.57714050000001,139.6610285,串カツ田中 武蔵小杉 Kushikatsu Tanaka Musashikosugi,12:00,,211-0004,,https://www.ubereats.com/ja-JP/yokohama/food-delivery/%E4%B8%B2%E3%82%AB%E3%83%84%E7%94%B0%E4%B8%AD-%E6%AD%A6%E8%94%B5%E5%B0%8F%E6%9D%89-kushikatsu-tanaka-musashikosugi/2hLkihniRvmYdD3RBKLjaQ/
Wq9RupnYRQG1Yku5zmjQwA,神奈川県川崎市高津区溝口1-1-3 味の食彩館みぞのくち 3階,20:30,35.5988674,139.6116898,ベッカーズ 武蔵溝ノ口店 Becker's Musashi-Mizonokuchi,11:00,4.1,213-0001,194.0,https://www.ubereats.com/ja-JP/yokohama/food-delivery/%E3%83%98%E3%83%83%E3%82%AB%E3%83%BC%E3%82%B9-%E6%AD%A6%E8%94%B5%E6%BA%9D%E3%83%8E%E5%8F%A3%E5%BA%97-beckers-musashi-mizonokuchi/Wq9RupnYRQG1Yku5zmjQwA/
X2es_PoNSDe0z0IftYIpVA,川崎市中原区 新丸子町743 Kawasaki,20:30,35.58007879999999,139.66068330000002,ミート アンド ワイン バンブゥ 新丸子 Meat&Wine Bambu shinmarco,17:00,,211-0005,,https://www.ubereats.com/ja-JP/yokohama/food-delivery/%E3%83%9F%E3%83%BC%E3%83%88-%E3%82%A2%E3%83%B3%E3%83%88-%E3%83%AF%E3%82%A4%E3%83%B3-%E3%83%8F%E3%83%B3%E3%83%95%E3%82%A5-%E6%96%B0%E4%B8%B8%E5%AD%90-meat%26wine-bambu-shinmarco/X2es_PoNSDe0z0IftYIpVA/
CC9l5P_ITA2yAzB0-N95Ug,神奈川県川崎市高津区子母口496-1,20:30,35.5729162,139.6317033,小僧寿し 子母口店 Kozo Sushi SHIBOGUCHI,10:30,,213-0023,,https://www.ubereats.com/ja-JP/yokohama/food-delivery/%E5%B0%8F%E5%83%A7%E5%AF%BF%E3%81%97-%E5%AD%90%E6%AF%8D%E5%8F%A3%E5%BA%97-kozo-sushi-shiboguchi/CC9l5P_ITA2yAzB0-N95Ug/
9u5KHMo0SR6A93MJrcNUoQ,神奈川県川崎市中原区上小田中６丁目２１－１４,22:00,35.5805426,139.6423767,ジョナサン 武蔵中原店 Jonathan's Musashi Nakahara,10:00,4.6,211-0053,43.0,https://www.ubereats.com/ja-JP/yokohama/food-delivery/%E3%82%B7%E3%83%A7%E3%83%8A%E3%82%B5%E3%83%B3-%E6%AD%A6%E8%94%B5%E4%B8%AD%E5%8E%9F%E5%BA%97-jonathans-musashi-nakahara/9u5KHMo0SR6A93MJrcNUoQ/
XwSwAR1STRWxsKTz6gZSrA,1 Chome-５２６−２ Kosugimachi Nakahara-Ku 1F Kawasaki-Shi Kanagawa-ken,20:30,35.5800035,139.6595045,ＶＥＧＡＮ ＢＵＲＧＥＲ ＮＯＵＲＩＳＨ 新丸子店 VEGAN BURGER NOURISH Shinmaruko,11:30,4.2,211-0063,89.0,https://www.ubereats.com/ja-JP/yokohama/food-delivery/vegan-burger-nourish-%E6%96%B0%E4%B8%B8%E5%AD%90%E5%BA%97-vegan-burger-nourish-shinmaruko/XwSwAR1STRWxsKTz6gZSrA/
i1qfS74jRgGE8yqm9b_qDg,神奈川県川崎市中原区木月1-26-11,20:30,35.5655036,139.6528315,銀座コージーコーナー 元住吉店 Ginza Cozy Corner Motosumiyoshi,10:00,4.6,211-0025,50.0,https://www.ubereats.com/ja-JP/yokohama/food-delivery/%E9%8A%80%E5%BA%A7%E3%82%B3%E3%83%BC%E3%82%B7%E3%83%BC%E3%82%B3%E3%83%BC%E3%83%8A%E3%83%BC-%E5%85%83%E4%BD%8F%E5%90%89%E5%BA%97-ginza-cozy-corner-motosumiyoshi/i1qfS74jRgGE8yqm9b_qDg/
61mzZfTRS6W0eqnrKPc-0w,神奈川県川崎市中原区木月３ー６ー２３,20:30,35.56546510000001,139.6506534,サーティワン アイスクリーム 元住吉ブレーメン通り店 31 IceCream Motosumiyoshi Bremen-dori,11:30,4.6,211-0025,21.0,https://www.ubereats.com/ja-JP/yokohama/food-delivery/%E3%82%B5%E3%83%BC%E3%83%86%E3%82%A3%E3%83%AF%E3%83%B3-%E3%82%A2%E3%82%A4%E3%82%B9%E3%82%AF%E3%83%AA%E3%83%BC%E3%83%A0-%E5%85%83%E4%BD%8F%E5%90%89%E3%83%95%E3%83%AC%E3%83%BC%E3%83%A1%E3%83%B3%E9%80%9A%E3%82%8A%E5%BA%97-31-icecream-motosumiyoshi-bremen-dori/61mzZfTRS6W0eqnrKPc-0w/
WH6mOH_ATIqVbsk8EgchdA,神奈川県川崎市高津区明津２３６－３,22:00,35.5670061,139.6376503,ガスト 新川崎明津店  Gusto Shinkawasaki Akutsu,10:30,4.5,213-0024,44.0,https://www.ubereats.com/ja-JP/yokohama/food-delivery/%E3%82%AB%E3%82%B9%E3%83%88-%E6%96%B0%E5%B7%9D%E5%B4%8E%E6%98%8E%E6%B4%A5%E5%BA%97-gusto-shinkawasaki-akutsu/WH6mOH_ATIqVbsk8EgchdA/
r0dtDg-YQ6yJSxaqezkbHg,神奈川県川崎市中原区新丸子東2-924-8,23:00,35.576996,139.6609364,吉野家 武蔵小杉店 Yoshinoya MUSASHIKOSUGI,10:00,4.6,211-0004,75.0,https://www.ubereats.com/ja-JP/yokohama/food-delivery/%E5%90%89%E9%87%8E%E5%AE%B6-%E6%AD%A6%E8%94%B5%E5%B0%8F%E6%9D%89%E5%BA%97-yoshinoya-musashikosugi/r0dtDg-YQ6yJSxaqezkbHg/
LNCT4I2IR8iq2Cz8W4WoXg,神奈川県川崎市高津区北見方３丁目６－３３,22:00,35.597229,139.63181,バーミヤン 川崎北見方店 Bamiyan Kawasaki Kitamigata,10:30,4.2,213-0005,91.0,https://www.ubereats.com/ja-JP/yokohama/food-delivery/%E3%83%8F%E3%83%BC%E3%83%9F%E3%83%A4%E3%83%B3-%E5%B7%9D%E5%B4%8E%E5%8C%97%E8%A6%8B%E6%96%B9%E5%BA%97-bamiyan-kawasaki-kitamigata/LNCT4I2IR8iq2Cz8W4WoXg/
d5bmpJyvSWqjcyj6SuFuHQ,Nakahara-Ku Shinmarukomachi 738 Kawasaki-Shi Kanagawa-ken,20:45,35.58048400000001,139.661651,新丸子カレー工房パルコ Parco Curry,11:45,4.7,211-0005,178.0,https://www.ubereats.com/ja-JP/yokohama/food-delivery/%E6%96%B0%E4%B8%B8%E5%AD%90%E3%82%AB%E3%83%AC%E3%83%BC%E5%B7%A5%E6%88%BF%E3%83%8F%E3%83%AB%E3%82%B3-parco-curry/d5bmpJyvSWqjcyj6SuFuHQ/
9UpEn7QgQ4K78ItzftBY-w,神奈川県川崎市中原区新城３－２－１６,23:00,35.586586,139.629997,マクドナルド 武蔵新城店 McDonald's MUSASHI SHINJO,10:30,4.5,2110044,500.0,https://www.ubereats.com/ja-JP/yokohama/food-delivery/%E3%83%9E%E3%82%AF%E3%83%88%E3%83%8A%E3%83%AB%E3%83%88-%E6%AD%A6%E8%94%B5%E6%96%B0%E5%9F%8E%E5%BA%97-mcdonalds-musashi-shinjo/9UpEn7QgQ4K78ItzftBY-w/
GOhpcU7dSWyyXh0jIg1AIg,神奈川県川崎市高津区溝口1-14-1,22:00,35.6002093,139.6138008,からやま 溝の口 Karayama MIZONOKUCHI,10:30,4.4,213-0001,252.0,https://www.ubereats.com/ja-JP/yokohama/food-delivery/%E3%81%8B%E3%82%89%E3%82%84%E3%81%BE-%E6%BA%9D%E3%81%AE%E5%8F%A3-karayama-mizonokuchi/GOhpcU7dSWyyXh0jIg1AIg/
8j0RZY7-ShiKHmngOYy3Sw,神奈川県川崎市高津区溝口１丁目１－３,22:00,35.5988984,139.6116289,ジョナサン 溝の口駅前店 Jonathan's Mizonokuchi Ekimae,10:00,4.7,213-0001,68.0,https://www.ubereats.com/ja-JP/yokohama/food-delivery/%E3%82%B7%E3%83%A7%E3%83%8A%E3%82%B5%E3%83%B3-%E6%BA%9D%E3%81%AE%E5%8F%A3%E9%A7%85%E5%89%8D%E5%BA%97-jonathans-mizonokuchi-ekimae/8j0RZY7-ShiKHmngOYy3Sw/
BeNUmH-2QdieCsMXZw1c4Q,神奈川県川崎市中原区木月住吉町8-6 Kanagawa,22:00,35.5663919,139.6573855,キッチン オリジン 元住吉 Kitchen Origin Motosumiyoshi,10:00,4.5,211-0021,153.0,https://www.ubereats.com/ja-JP/yokohama/food-delivery/%E3%82%AD%E3%83%83%E3%83%81%E3%83%B3-%E3%82%AA%E3%83%AA%E3%82%B7%E3%83%B3-%E5%85%83%E4%BD%8F%E5%90%89-kitchen-origin-motosumiyoshi/BeNUmH-2QdieCsMXZw1c4Q/
LBuDcES1TRaNZlarMciPag,神奈川県川崎市宮前区野川１２３３,22:00,35.5726885,139.6147273,ガスト 野川店 Gusto Nogawa,10:30,4.4,216-0001,46.0,https://www.ubereats.com/ja-JP/yokohama/food-delivery/%E3%82%AB%E3%82%B9%E3%83%88-%E9%87%8E%E5%B7%9D%E5%BA%97-gusto-nogawa/LBuDcES1TRaNZlarMciPag/
BzCaAhBGSGOmce_s-k2MDQ,神奈川県川崎市中原区上新城２丁目１１－１０,22:00,35.58761939999999,139.6287887,ジョナサン 武蔵新城店 Jonathan's Musashi Shinjo,10:00,4.6,211-0045,40.0,https://www.ubereats.com/ja-JP/yokohama/food-delivery/%E3%82%B7%E3%83%A7%E3%83%8A%E3%82%B5%E3%83%B3-%E6%AD%A6%E8%94%B5%E6%96%B0%E5%9F%8E%E5%BA%97-jonathans-musashi-shinjo/BzCaAhBGSGOmce_s-k2MDQ/
LkdIwGPRRW-UokIVbd_UuA,神奈川県川崎市高津区二子４－８－２,22:00,35.602261799999994,139.6189584,デニーズ 高津店 Denny's TAKATSU,11:00,4.2,213-0002,147.0,https://www.ubereats.com/ja-JP/yokohama/food-delivery/%E3%83%86%E3%83%8B%E3%83%BC%E3%82%B9-%E9%AB%98%E6%B4%A5%E5%BA%97-dennys-takatsu/LkdIwGPRRW-UokIVbd_UuA/
PtctWn1PSES33nSAHwiUqA,神奈川県 川崎市 中原区 新丸子東 2-925 東横小杉ビル B1F Kawasaki,23:00,35.577160600000006,139.6616751,レストランバー アルファクロス武蔵小杉 Restaurant&Bar ALFA CROSS Musashikosugi,18:00,,211-0004,,https://www.ubereats.com/ja-JP/yokohama/food-delivery/%E3%83%AC%E3%82%B9%E3%83%88%E3%83%A9%E3%83%B3%E3%83%8F%E3%83%BC-%E3%82%A2%E3%83%AB%E3%83%95%E3%82%A1%E3%82%AF%E3%83%AD%E3%82%B9%E6%AD%A6%E8%94%B5%E5%B0%8F%E6%9D%89-restaurant%26bar-alfa-cross-musashikosugi/PtctWn1PSES33nSAHwiUqA/
ixb-S163TsmKVDH7MR-0Ng,中原区新城３丁目９−３ Yokohama,19:30,35.5852164,139.6305792,あおぞらマルシェ 武蔵新城店 Aozoramarche MusashiShinjo-Shop,11:00,4.4,211-0044,36.0,https://www.ubereats.com/ja-JP/yokohama/food-delivery/%E3%81%82%E3%81%8A%E3%81%9D%E3%82%89%E3%83%9E%E3%83%AB%E3%82%B7%E3%82%A7-%E6%AD%A6%E8%94%B5%E6%96%B0%E5%9F%8E%E5%BA%97-aozoramarche-musashishinjo-shop/ixb-S163TsmKVDH7MR-0Ng/
Jl2y6ZwxSnurqvms-EsLnw,中原区今井南町４８２ １Ｆ Kawasaki,21:30,35.571802399999996,139.65621230000002,中華居酒屋 虎助 武蔵小杉店 Chinese Style Izakaya Torasuke Musashi Kosugi,17:00,,211-0064,,https://www.ubereats.com/ja-JP/yokohama/food-delivery/%E4%B8%AD%E8%8F%AF%E5%B1%85%E9%85%92%E5%B1%8B-%E8%99%8E%E5%8A%A9-%E6%AD%A6%E8%94%B5%E5%B0%8F%E6%9D%89%E5%BA%97-chinese-style-izakaya-torasuke-musashi-kosugi/Jl2y6ZwxSnurqvms-EsLnw/
FAybm5AKQEG7ZXlE0R-EYQ,神奈川県川崎市中原区新城3-8-7 Kanagawa,22:00,35.58558520000001,139.63058600000002,キッチン オリジン 武蔵新城 Kitchen Origin Musashishinjo,10:00,4.6,211-0044,17.0,https://www.ubereats.com/ja-JP/yokohama/food-delivery/%E3%82%AD%E3%83%83%E3%83%81%E3%83%B3-%E3%82%AA%E3%83%AA%E3%82%B7%E3%83%B3-%E6%AD%A6%E8%94%B5%E6%96%B0%E5%9F%8E-kitchen-origin-musashishinjo/FAybm5AKQEG7ZXlE0R-EYQ/
nqWm8MVYSpWJXQv1omaihQ,神奈川県川崎市中原区小杉町3-492 JR武蔵小杉駅改札外 北口ロータリー,20:00,35.57678097863471,139.6591589919707,ベッカーズ 武蔵小杉店 Becker's Musashi-Kosugi,11:00,4.2,,229.0,https://www.ubereats.com/ja-JP/yokohama/food-delivery/%E3%83%98%E3%83%83%E3%82%AB%E3%83%BC%E3%82%B9-%E6%AD%A6%E8%94%B5%E5%B0%8F%E6%9D%89%E5%BA%97-beckers-musashi-kosugi/nqWm8MVYSpWJXQv1omaihQ/
dYe1rM_tTfqulryWmeXr8w,中原区新城 1丁目15-6,18:30,35.5839890145518,139.63135640264346,一本堂 武蔵新城店 ＩＰＰＯＮＤＯＵ,11:00,4.9,,13.0,https://www.ubereats.com/ja-JP/yokohama/food-delivery/%E4%B8%80%E6%9C%AC%E5%A0%82-%E6%AD%A6%E8%94%B5%E6%96%B0%E5%9F%8E%E5%BA%97-ippondou/dYe1rM_tTfqulryWmeXr8w/
Ou3sTH0BQOuWiph99860kA,神奈川県川崎市中原区下小田中１ー２８ー１,20:30,35.5792816,139.639078,サーティワン アイスクリーム 武蔵中原マルエツ店 31 IceCream Musashinakahara Maruetsu,11:00,,211-0041,,https://www.ubereats.com/ja-JP/yokohama/food-delivery/%E3%82%B5%E3%83%BC%E3%83%86%E3%82%A3%E3%83%AF%E3%83%B3-%E3%82%A2%E3%82%A4%E3%82%B9%E3%82%AF%E3%83%AA%E3%83%BC%E3%83%A0-%E6%AD%A6%E8%94%B5%E4%B8%AD%E5%8E%9F%E3%83%9E%E3%83%AB%E3%82%A8%E3%83%84%E5%BA%97-31-icecream-musashinakahara-maruetsu/Ou3sTH0BQOuWiph99860kA/
e4XtNyZCRxKJTopwKAbLCw,神奈川県川崎市中原区下小田中１－２８－１,20:45,35.5792816,139.639078,マクドナルド 武蔵中原マルエツ店 McDonald's MUSASHI NAKAHARA MARUETSU,10:30,4.5,2110041,267.0,https://www.ubereats.com/ja-JP/yokohama/food-delivery/%E3%83%9E%E3%82%AF%E3%83%88%E3%83%8A%E3%83%AB%E3%83%88-%E6%AD%A6%E8%94%B5%E4%B8%AD%E5%8E%9F%E3%83%9E%E3%83%AB%E3%82%A8%E3%83%84%E5%BA%97-mcdonalds-musashi-nakahara-maruetsu/e4XtNyZCRxKJTopwKAbLCw/
AiW3j8BhR9eDiZ3xW66ptg,川崎市中原区 新丸子町649,21:00,35.58147406694478,139.66222534868754,クレープショップサル 川崎新丸子店 Crepe Shop SARU KawasakiShinnmarukoTenn,10:30,4.6,,176.0,https://www.ubereats.com/ja-JP/yokohama/food-delivery/%E3%82%AF%E3%83%AC%E3%83%BC%E3%83%95%E3%82%B7%E3%83%A7%E3%83%83%E3%83%95%E3%82%B5%E3%83%AB-%E5%B7%9D%E5%B4%8E%E6%96%B0%E4%B8%B8%E5%AD%90%E5%BA%97-crepe-shop-saru-kawasakishinnmarukotenn/AiW3j8BhR9eDiZ3xW66ptg/
TSfKTKd0R1ai8AveWzr6Hw,神奈川県川崎市高津区諏訪1-8-1 Kanagawa,22:00,35.60635190000001,139.62305980000002,キッチンオリジン 二子新地 Kitchen Origin Futako Shinchi,10:00,,213-0004,,https://www.ubereats.com/ja-JP/yokohama/food-delivery/%E3%82%AD%E3%83%83%E3%83%81%E3%83%B3%E3%82%AA%E3%83%AA%E3%82%B7%E3%83%B3-%E4%BA%8C%E5%AD%90%E6%96%B0%E5%9C%B0-kitchen-origin-futako-shinchi/TSfKTKd0R1ai8AveWzr6Hw/
q2luYWUbTwKVsOO-cnkyyg,Nakahara-Ku Kamishinjō 2 Chome−7 Kawasaki-Shi Kanagawa-ken,16:00,35.58799600000001,139.630511,新城テラス Shinjo-Terrace,10:00,4.9,211-0045,14.0,https://www.ubereats.com/ja-JP/yokohama/food-delivery/%E6%96%B0%E5%9F%8E%E3%83%86%E3%83%A9%E3%82%B9-shinjo-terrace/q2luYWUbTwKVsOO-cnkyyg/
5_wkJhyYTwSIuJQwEUuQbw,川崎市中原区新丸子東1-827 ｸﾘｱ･ﾊｳｽ田中1F,23:00,35.5802325,139.66333,すき家 新丸子駅東口店 Sukiya Shin-Marukoeki Higashiguchi,10:00,4.5,211-0004,176.0,https://www.ubereats.com/ja-JP/yokohama/food-delivery/%E3%81%99%E3%81%8D%E5%AE%B6-%E6%96%B0%E4%B8%B8%E5%AD%90%E9%A7%85%E6%9D%B1%E5%8F%A3%E5%BA%97-sukiya-shin-marukoeki-higashiguchi/5_wkJhyYTwSIuJQwEUuQbw/
qW93pUSbSQWTB143nbXZ5g,中原区木月３‐52‐5 Tokyo,21:00,35.5621653,139.649405,小さな和食の店葉隠 Japanese Restaurant Hagakure,11:30,,211-0025,,https://www.ubereats.com/ja-JP/yokohama/food-delivery/%E5%B0%8F%E3%81%95%E3%81%AA%E5%92%8C%E9%A3%9F%E3%81%AE%E5%BA%97%E8%91%89%E9%9A%A0-japanese-restaurant-hagakure/qW93pUSbSQWTB143nbXZ5g/
35K8PkRdQyKG5lQNuVn0qQ,川崎市中原区 新城3-15-8,13:30,35.58407346373797,139.6300414799772,小さなパン屋ちょっぴり Chisana pannya Cyopiri,10:00,,,,https://www.ubereats.com/ja-JP/yokohama/food-delivery/%E5%B0%8F%E3%81%95%E3%81%AA%E3%83%8F%E3%83%B3%E5%B1%8B%E3%81%A1%E3%82%87%E3%81%A3%E3%81%B2%E3%82%8A-chisana-pannya-cyopiri/35K8PkRdQyKG5lQNuVn0qQ/
xWz9GycQS92vdDKJRwxSmQ,Hamatora Hiyoshi Shop 1F Kōhoku-Ku Kanagawa-ken,20:00,35.555392,139.645156,麺場ハマトラ 日吉店 Menba Hamatora Hiyoshi,12:00,4.6,223-0062,118.0,https://www.ubereats.com/ja-JP/yokohama/food-delivery/%E9%BA%BA%E5%A0%B4%E3%83%8F%E3%83%9E%E3%83%88%E3%83%A9-%E6%97%A5%E5%90%89%E5%BA%97-menba-hamatora-hiyoshi/xWz9GycQS92vdDKJRwxSmQ/
3uj3mgnGTBaIyZ-fsTpCog,50 Chitose Takatsu-Ku Kawasaki Kanagawa  Japan,21:30,35.57225269496751,139.6225910005731,すき家 高津野川店 Sukiya Takaduno-Gawa,09:00,4.4,213-0022,117.0,https://www.ubereats.com/ja-JP/yokohama/food-delivery/%E3%81%99%E3%81%8D%E5%AE%B6-%E9%AB%98%E6%B4%A5%E9%87%8E%E5%B7%9D%E5%BA%97-sukiya-takaduno-gawa/3uj3mgnGTBaIyZ-fsTpCog/
lJZcqQplSD-8sA_FS70SDA,神奈川県川崎市高津区溝口５－２４－１,23:30,35.60615720000001,139.6108084,ガスト 溝の口店 Gusto Mizonokuchi,10:30,4.4,213-0001,180.0,https://www.ubereats.com/ja-JP/yokohama/food-delivery/%E3%82%AB%E3%82%B9%E3%83%88-%E6%BA%9D%E3%81%AE%E5%8F%A3%E5%BA%97-gusto-mizonokuchi/lJZcqQplSD-8sA_FS70SDA/
Dmj-NbM5S3qgcx949jnbGw,Japan 〒 Kanagawa-Ken Kawasaki-Shi Nakahara-Ku Kizuki 1 Chome−36−12,22:30,35.56460089999999,139.6537128,大戸屋ごはん処 元住吉駅前店 Ootoya MOTOSUMIYOSHI,11:00,4.5,211-0025,500.0,https://www.ubereats.com/ja-JP/yokohama/food-delivery/%E5%A4%A7%E6%88%B8%E5%B1%8B%E3%81%93%E3%81%AF%E3%82%93%E5%87%A6-%E5%85%83%E4%BD%8F%E5%90%89%E9%A7%85%E5%89%8D%E5%BA%97-ootoya-motosumiyoshi/Dmj-NbM5S3qgcx949jnbGw/
T74mbAPKS3ytNRS55MhbQQ,神奈川県横浜市港北区日吉本町1-22-10,23:00,35.5531058,139.64622769999997,吉野家 日吉駅前店 Yoshinoya HIYOSHI-EKIMAE,10:00,4.5,223-0062,219.0,https://www.ubereats.com/ja-JP/yokohama/food-delivery/%E5%90%89%E9%87%8E%E5%AE%B6-%E6%97%A5%E5%90%89%E9%A7%85%E5%89%8D%E5%BA%97-yoshinoya-hiyoshi-ekimae/T74mbAPKS3ytNRS55MhbQQ/
J0i3G4ogT9iOCgTFsTekkg,Nakahara-Ku Kamikodanaka 6 Chome−22 Kawasaki-Shi Kanagawa-ken,22:00,35.581268,139.641874,お好み焼き コナモン Okonomiyaki KONAMON,11:00,4.4,211-0053,216.0,https://www.ubereats.com/ja-JP/yokohama/food-delivery/%E3%81%8A%E5%A5%BD%E3%81%BF%E7%84%BC%E3%81%8D-%E3%82%B3%E3%83%8A%E3%83%A2%E3%83%B3-okonomiyaki-konamon/J0i3G4ogT9iOCgTFsTekkg/
Y1B0FEvWTEOLxAczg9YqwQ,川崎市中原区木月3-53-7,23:00,35.5625096,139.64897539999998,すき家 川崎木月店 Sukiya Kawasaki Kizuki,10:00,4.6,211-0025,189.0,https://www.ubereats.com/ja-JP/yokohama/food-delivery/%E3%81%99%E3%81%8D%E5%AE%B6-%E5%B7%9D%E5%B4%8E%E6%9C%A8%E6%9C%88%E5%BA%97-sukiya-kawasaki-kizuki/Y1B0FEvWTEOLxAczg9YqwQ/
Wbxb-076T2ifefItrHF3cQ,Nakahara-Ku Kizuki 3 Chome−6 モトスミコア Kawasaki-Shi Kanagawa-ken,18:00,35.565569,139.65082900000002,イクミママのどうぶつドーナツ！ Ikumimama Animal Donuts,10:00,,211-0025,,https://www.ubereats.com/ja-JP/yokohama/food-delivery/%E3%82%A4%E3%82%AF%E3%83%9F%E3%83%9E%E3%83%9E%E3%81%AE%E3%81%A8%E3%81%86%E3%81%B5%E3%81%A4%E3%83%88%E3%83%BC%E3%83%8A%E3%83%84!-ikumimama-animal-donuts/Wbxb-076T2ifefItrHF3cQ/
gjEY3RKQS2a61-hQ4_Ulog,神奈川県横浜市港北区日吉本町1-20-2 Kanagawa,20:00,35.5531342,139.645836,松屋 日吉店 Matsuya Hiyoshi,10:00,4.5,223-0062,49.0,https://www.ubereats.com/ja-JP/yokohama/food-delivery/%E6%9D%BE%E5%B1%8B-%E6%97%A5%E5%90%89%E5%BA%97-matsuya-hiyoshi/gjEY3RKQS2a61-hQ4_Ulog/
zhsHMZBnRYqcWRCWD6FVVQ,神奈川県川崎市高津区千年６６１－１,22:00,35.5774655,139.62697849999998,ジョナサン 川崎千年店 Jonathan's Kawasaki Chitose,10:00,4.6,213-0022,18.0,https://www.ubereats.com/ja-JP/yokohama/food-delivery/%E3%82%B7%E3%83%A7%E3%83%8A%E3%82%B5%E3%83%B3-%E5%B7%9D%E5%B4%8E%E5%8D%83%E5%B9%B4%E5%BA%97-jonathans-kawasaki-chitose/zhsHMZBnRYqcWRCWD6FVVQ/
8qas1eZpQKa5MBUNfp3Z2w,川崎市高津区久本3-16-3 Kanagawa,19:30,35.593093,139.6194421,坂本屋酒店 Sakamotoya Liquor store,09:00,,213-0011,,https://www.ubereats.com/ja-JP/yokohama/food-delivery/%E5%9D%82%E6%9C%AC%E5%B1%8B%E9%85%92%E5%BA%97-sakamotoya-liquor-store/8qas1eZpQKa5MBUNfp3Z2w/
uVctprsCRomSUacLIUyn7A,神奈川県川崎市高津区久本1-4-10 Kanagawa,22:30,35.59867579999999,139.6104081,松屋 溝の口南口店 Matsuya Mizonokuchi Minamiguchi,10:00,,213-0011,,https://www.ubereats.com/ja-JP/yokohama/food-delivery/%E6%9D%BE%E5%B1%8B-%E6%BA%9D%E3%81%AE%E5%8F%A3%E5%8D%97%E5%8F%A3%E5%BA%97-matsuya-mizonokuchi-minamiguchi/uVctprsCRomSUacLIUyn7A/
Iy4Ff974Rz6kOaL0E1dyNA,神奈川県横浜市港北区綱島東２－７－３１,22:00,35.5411079,139.6398592,デニーズ 綱島東店 Denny's TSUNASHIMAHIGASHI,11:00,4.5,223-0052,145.0,https://www.ubereats.com/ja-JP/yokohama/food-delivery/%E3%83%86%E3%83%8B%E3%83%BC%E3%82%B9-%E7%B6%B1%E5%B3%B6%E6%9D%B1%E5%BA%97-dennys-tsunashimahigashi/Iy4Ff974Rz6kOaL0E1dyNA/
mbpapYtcTOmnKsYvzkq8iw,神奈川県川崎市高津区溝の口1-18-7 澤木ﾋﾞﾙ1F,22:30,35.600881,139.614587,松屋 溝の口店  Matsuya Mizonokuchi,10:00,4.3,213-0001,208.0,https://www.ubereats.com/ja-JP/yokohama/food-delivery/%E6%9D%BE%E5%B1%8B-%E6%BA%9D%E3%81%AE%E5%8F%A3%E5%BA%97-matsuya-mizonokuchi/mbpapYtcTOmnKsYvzkq8iw/
z51EYhvzQGSC67t5UpmbdQ,Saiwai-Ku Shintsukagoshi 鹿島田サウザンド・モール ２Ｆ,23:00,35.550466,139.676029,中華酒家飯店角鹿 Chinese Restaurant Kadoshika,11:30,4.5,,102.0,https://www.ubereats.com/ja-JP/yokohama/food-delivery/%E4%B8%AD%E8%8F%AF%E9%85%92%E5%AE%B6%E9%A3%AF%E5%BA%97%E8%A7%92%E9%B9%BF-chinese-restaurant-kadoshika/z51EYhvzQGSC67t5UpmbdQ/
ujgCbAAFTD2ozhO7Ly6gAg,神奈川県川崎市幸区下平間２２３,21:00,35.551722,139.680925,ケンタッキーフライドチキン 鹿島田店 Kentucky Fried Chicken Kashimada,10:30,4.4,212-0053,500.0,https://www.ubereats.com/ja-JP/yokohama/food-delivery/%E3%82%B1%E3%83%B3%E3%82%BF%E3%83%83%E3%82%AD%E3%83%BC%E3%83%95%E3%83%A9%E3%82%A4%E3%83%88%E3%83%81%E3%82%AD%E3%83%B3-%E9%B9%BF%E5%B3%B6%E7%94%B0%E5%BA%97-kentucky-fried-chicken-kashimada/ujgCbAAFTD2ozhO7Ly6gAg/
wd9Qesd7T7eqGNmxjqMhRg,神奈川県川崎市幸区鹿島田1-1-3 新川崎スクエア3階,21:00,35.55037,139.673113,フレッシュネスバーガー 新川崎スクエア店 Freshness Burger Shinkawasaki Square,10:00,4.4,212-0058,323.0,https://www.ubereats.com/ja-JP/yokohama/food-delivery/%E3%83%95%E3%83%AC%E3%83%83%E3%82%B7%E3%83%A5%E3%83%8D%E3%82%B9%E3%83%8F%E3%83%BC%E3%82%AB%E3%83%BC-%E6%96%B0%E5%B7%9D%E5%B4%8E%E3%82%B9%E3%82%AF%E3%82%A8%E3%82%A2%E5%BA%97-freshness-burger-shinkawasaki-square/wd9Qesd7T7eqGNmxjqMhRg/
-J_Bj_WNR2C-WbhhkeEHxQ,神奈川県川崎市幸区南加瀬４−３０−１７,21:00,35.54177199999999,139.661563,ケンタッキーフライドチキン 南加瀬店 Kentucky Fried Chicken MINAMIKASE,10:30,4.4,212-0055,500.0,https://www.ubereats.com/ja-JP/yokohama/food-delivery/%E3%82%B1%E3%83%B3%E3%82%BF%E3%83%83%E3%82%AD%E3%83%BC%E3%83%95%E3%83%A9%E3%82%A4%E3%83%88%E3%83%81%E3%82%AD%E3%83%B3-%E5%8D%97%E5%8A%A0%E7%80%AC%E5%BA%97-kentucky-fried-chicken-minamikase/-J_Bj_WNR2C-WbhhkeEHxQ/
hsn3D7NwTzGiHtgGVZgTsQ,2 Chome-36-13 Minamikase Saiwai-Ku Kawasaki-Shi Kanagawa-ken,21:45,35.5459958,139.6604461,ぽんぽこ本°舗 PonpokoPonpo,10:45,4.5,212-0055,120.0,https://www.ubereats.com/ja-JP/yokohama/food-delivery/%E3%81%BB%E3%82%93%E3%81%BB%E3%81%93%E6%9C%AC%E8%88%97-ponpokoponpo/hsn3D7NwTzGiHtgGVZgTsQ/
af3fqoznQt-jizkLdJB8KA,神奈川県川崎市高津区溝口1-11-23  ﾀｲﾑﾜﾝﾋﾞﾙ1F,23:00,35.60038,139.6117,吉野家 溝の口店  Yoshinoya MIZONOKUCHI,10:00,4.4,213-0001,336.0,https://www.ubereats.com/ja-JP/yokohama/food-delivery/%E5%90%89%E9%87%8E%E5%AE%B6-%E6%BA%9D%E3%81%AE%E5%8F%A3%E5%BA%97-yoshinoya-mizonokuchi/af3fqoznQt-jizkLdJB8KA/
1eDHvzwlRUysFvDPvLr_hQ,Takatsu-Ku Mizonokuchi 1 Chome−12 永原ビル２F Kawasaki-Shi Kanagawa-ken,23:59,35.60053900000001,139.61214099999998,溝の口焼肉 にく野郎 Mizonokuchi Yakiniku Nikuyaro,12:00,4.3,213-0000,114.0,https://www.ubereats.com/ja-JP/yokohama/food-delivery/%E6%BA%9D%E3%81%AE%E5%8F%A3%E7%84%BC%E8%82%89-%E3%81%AB%E3%81%8F%E9%87%8E%E9%83%8E-mizonokuchi-yakiniku-nikuyaro/1eDHvzwlRUysFvDPvLr_hQ/
wtlknou6RZW-JNEBXt8gXg,神奈川県川崎市幸区南加瀬４丁目３０－１５,22:00,35.5420965,139.6613878,夢庵 南加瀬店 Yumean Minami Kase,10:30,4.5,212-0055,54.0,https://www.ubereats.com/ja-JP/yokohama/food-delivery/%E5%A4%A2%E5%BA%B5-%E5%8D%97%E5%8A%A0%E7%80%AC%E5%BA%97-yumean-minami-kase/wtlknou6RZW-JNEBXt8gXg/
-q8yXBB-S7y-BW6Fk7MktQ,横浜市港北区箕輪町2-5-5,23:59,35.5436128,139.6420771,すき家 港北箕輪町店 Sukiya Kouhoku Minowacho,09:00,4.6,223-0051,112.0,https://www.ubereats.com/ja-JP/yokohama/food-delivery/%E3%81%99%E3%81%8D%E5%AE%B6-%E6%B8%AF%E5%8C%97%E7%AE%95%E8%BC%AA%E7%94%BA%E5%BA%97-sukiya-kouhoku-minowacho/-q8yXBB-S7y-BW6Fk7MktQ/
oyu3QFO8SJefwdUcmrFfrA,神奈川県川崎市幸区南加瀬３－８－２４,22:00,35.545048799999996,139.6608655,デニーズ 南加瀬 Denny's MINAMIKASE,11:00,4.4,212-0055,96.0,https://www.ubereats.com/ja-JP/yokohama/food-delivery/%E3%83%86%E3%83%8B%E3%83%BC%E3%82%B9-%E5%8D%97%E5%8A%A0%E7%80%AC-dennys-minamikase/oyu3QFO8SJefwdUcmrFfrA/
tpjELe1oTbCMLur0jjNhyw,神奈川県川崎市高津区二子4-1-5 Kanagawa,22:00,35.60292570000001,139.6171003,キッチン オリジン 高津 Kitchen Origin Takatsu,10:00,4.3,213-0002,49.0,https://www.ubereats.com/ja-JP/yokohama/food-delivery/%E3%82%AD%E3%83%83%E3%83%81%E3%83%B3-%E3%82%AA%E3%83%AA%E3%82%B7%E3%83%B3-%E9%AB%98%E6%B4%A5-kitchen-origin-takatsu/tpjELe1oTbCMLur0jjNhyw/
gEuIADgaS8Cv1mmtRGzYPw,川崎市幸区 古市場1-34 Kawasaki,18:00,35.55305939999999,139.68305159999997,Organic Deli. Katayama,09:00,4.6,212-0052,142.0,https://www.ubereats.com/ja-JP/yokohama/food-delivery/organic-deli-katayama/gEuIADgaS8Cv1mmtRGzYPw/
QTSFfGZ8Rhiaep3wpScEyw,Japan 〒 Kanagawa-Ken Kawasaki-Shi Saiwai-Ku Kashimada 1 Chome−18−6 KSビル 2F,23:00,35.55102520000001,139.6757199,ヒマラヤンカレーニルヴァーナ Himalayan Curry NIRVANA,11:00,4.3,212-0058,29.0,https://www.ubereats.com/ja-JP/yokohama/food-delivery/%E3%83%92%E3%83%9E%E3%83%A9%E3%83%A4%E3%83%B3%E3%82%AB%E3%83%AC%E3%83%BC%E3%83%8B%E3%83%AB%E3%82%A6%E3%82%A1%E3%83%BC%E3%83%8A-himalayan-curry-nirvana/QTSFfGZ8Rhiaep3wpScEyw/
NcJDrAyERVGNc7WTfYzEmg,川崎市幸区南加瀬4-16-9,23:59,35.54577420000001,139.66001640000002,すき家 川崎南加瀬店 Sukiya Kawasaki Minamikaze,09:00,4.4,212-0055,99.0,https://www.ubereats.com/ja-JP/yokohama/food-delivery/%E3%81%99%E3%81%8D%E5%AE%B6-%E5%B7%9D%E5%B4%8E%E5%8D%97%E5%8A%A0%E7%80%AC%E5%BA%97-sukiya-kawasaki-minamikaze/NcJDrAyERVGNc7WTfYzEmg/
3-KlQJCUT0W04hmqZq_IOw,Japan 〒 Kanagawa-Ken Kawasaki-Shi Saiwai-Ku Minamikase 3 Chome−31−２４ スカイハイツ吉田,22:15,35.54227570000001,139.66185009999998,上海龍 南加瀬店 Shanghairyu Minamikase,11:00,4.5,212-0055,28.0,https://www.ubereats.com/ja-JP/yokohama/food-delivery/%E4%B8%8A%E6%B5%B7%E9%BE%8D-%E5%8D%97%E5%8A%A0%E7%80%AC%E5%BA%97-shanghairyu-minamikase/3-KlQJCUT0W04hmqZq_IOw/
LvJC_AYDR-mi41nRv28tTg,神奈川県 川崎市 中原区 今井南町1-16 Yokohama,21:00,35.574560900801494,139.65536571056924,レストラン ミュー Restaurant μ,11:30,4.1,211-0064,38.0,https://www.ubereats.com/ja-JP/yokohama/food-delivery/%E3%83%AC%E3%82%B9%E3%83%88%E3%83%A9%E3%83%B3-%E3%83%9F%E3%83%A5%E3%83%BC-restaurant-%CE%BC/LvJC_AYDR-mi41nRv28tTg/
ca2s_hfaQRqos1SxyVnSUQ,川崎市幸区鹿島田1丁目18-1153番地  KSビル1F,23:59,35.5510179,139.67570940000002,すき家 鹿島田駅前店 Sukiya Kashimada Ekimae,09:00,4.4,212-0058,73.0,https://www.ubereats.com/ja-JP/yokohama/food-delivery/%E3%81%99%E3%81%8D%E5%AE%B6-%E9%B9%BF%E5%B3%B6%E7%94%B0%E9%A7%85%E5%89%8D%E5%BA%97-sukiya-kashimada-ekimae/ca2s_hfaQRqos1SxyVnSUQ/
6_2dO5IqTn-QuBBbZ7vJqg,川崎市中原区上小田中2-35-55 Kanagawa,21:00,35.5885344,139.6337188,華屋与兵衛 川崎中原 Hanayayohei Kawasaki Nakahara,11:00,,211-0053,,https://www.ubereats.com/ja-JP/yokohama/food-delivery/%E8%8F%AF%E5%B1%8B%E4%B8%8E%E5%85%B5%E8%A1%9B-%E5%B7%9D%E5%B4%8E%E4%B8%AD%E5%8E%9F-hanayayohei-kawasaki-nakahara/6_2dO5IqTn-QuBBbZ7vJqg/
73TbOWN-QX6CXGz-YHPYwg,神奈川県川崎市高津区溝口４－１－１,23:00,35.603198,139.616367,マクドナルド 高津駅前店 McDonald's TAKATSUEKIMAETENN,10:30,4.5,2130001,500.0,https://www.ubereats.com/ja-JP/yokohama/food-delivery/%E3%83%9E%E3%82%AF%E3%83%88%E3%83%8A%E3%83%AB%E3%83%88-%E9%AB%98%E6%B4%A5%E9%A7%85%E5%89%8D%E5%BA%97-mcdonalds-takatsuekimaetenn/73TbOWN-QX6CXGz-YHPYwg/
-bz5eouITry_eQ-s3BHQdA,神奈川県川崎市高津区久本３－６－２０,21:45,35.59904210000001,139.61572560000002,マクドナルド 溝の口イトーヨーカドー店 McDonald's MIZONOKUCHI ITO-YOKADO,09:00,4.5,2130001,500.0,https://www.ubereats.com/ja-JP/yokohama/food-delivery/%E3%83%9E%E3%82%AF%E3%83%88%E3%83%8A%E3%83%AB%E3%83%88-%E6%BA%9D%E3%81%AE%E5%8F%A3%E3%82%A4%E3%83%88%E3%83%BC%E3%83%A8%E3%83%BC%E3%82%AB%E3%83%88%E3%83%BC%E5%BA%97-mcdonalds-mizonokuchi-ito-yokado/-bz5eouITry_eQ-s3BHQdA/
9CIBaLoISWKl0MTJ5cftdQ,神奈川県川崎市中原区上新城2-14-23 ｱﾄﾞｳﾞｧﾝｽｽｸｴｱ武蔵新城1階,21:00,35.5879825,139.6286109,モスバーガー 武蔵新城店 Mos Burger MUSASHISHINJO,10:00,4.5,211-0045,367.0,https://www.ubereats.com/ja-JP/yokohama/food-delivery/%E3%83%A2%E3%82%B9%E3%83%8F%E3%83%BC%E3%82%AB%E3%83%BC-%E6%AD%A6%E8%94%B5%E6%96%B0%E5%9F%8E%E5%BA%97-mos-burger-musashishinjo/9CIBaLoISWKl0MTJ5cftdQ/
zyBtT0jDQVCUWqGjDLmXQA,神奈川県川崎市中原区木月２－３－１,23:00,35.564984,139.654624,マクドナルド 元住吉店 McDonald's MOTOSUMIYOSHI,10:30,4.5,2110025,500.0,https://www.ubereats.com/ja-JP/yokohama/food-delivery/%E3%83%9E%E3%82%AF%E3%83%88%E3%83%8A%E3%83%AB%E3%83%88-%E5%85%83%E4%BD%8F%E5%90%89%E5%BA%97-mcdonalds-motosumiyoshi/zyBtT0jDQVCUWqGjDLmXQA/
19LVTdEtT4SkHAPNr3PrfQ,Nakahara-Ku Shinmarukohigashi 2 Chome 川崎市中原区 Kanagawa-ken,21:30,35.57830300000001,139.66261200000002,コスギカレー KOSUGI CURRY,11:30,4.4,211-0004,125.0,https://www.ubereats.com/ja-JP/yokohama/food-delivery/%E3%82%B3%E3%82%B9%E3%82%AD%E3%82%AB%E3%83%AC%E3%83%BC-kosugi-curry/19LVTdEtT4SkHAPNr3PrfQ/
CAXGS2spSgWV-liHcdZFgg,神奈川県川崎市中原区木月3-6-18 Kanagawa,22:30,35.5654836,139.6508807,松屋 元住吉店 Matsuya Motosumiyoshi,10:00,4.0,211-0025,20.0,https://www.ubereats.com/ja-JP/yokohama/food-delivery/%E6%9D%BE%E5%B1%8B-%E5%85%83%E4%BD%8F%E5%90%89%E5%BA%97-matsuya-motosumiyoshi/CAXGS2spSgWV-liHcdZFgg/
