address,close_hour,detail_url,latitude,longitude,name,open_hour,point,postal_code,reviews,url
川崎市中原区上小田中4-2-1,23:00,https://www.ubereats.com/ja-JP/yokohama/food-delivery/%25E3%2581%2599%25E3%2581%258D%25E5%25AE%25B6-%25E6%25AD%25A6%25E8%2594%25B5%25E4%25B8%25AD%25E5%258E%259F%25E5%25BA%2597-sukiya-musashinakahara/nAfdxT6ySHWlKcGwkN0mEA/location-and-hours/,35.5813758,139.6409824,すき家 武蔵中原店 Sukiya Musashinakahara,10:00,,Beans1F,,https://www.ubereats.com/ja-JP/yokohama/food-delivery/%E3%81%99%E3%81%8D%E5%AE%B6-%E6%AD%A6%E8%94%B5%E4%B8%AD%E5%8E%9F%E5%BA%97-sukiya-musashinakahara/nAfdxT6ySHWlKcGwkN0mEA/
神奈川県川崎市高津区溝口1-15-5,21:00,https://www.ubereats.com/ja-JP/yokohama/food-delivery/tapiru-%25E6%25BA%259D%25E3%2581%25AE%25E5%258F%25A3%25E5%25BA%2597-tapiru-mizonokuchi/WUnRH2zkRt-nwxMXIB-N8Q/location-and-hours/,35.60051334992541,139.61361743956124,TAPIRU 溝の口店 TAPIRU MIZONOKUCHI,11:00,4.3,1FA画,86,https://www.ubereats.com/ja-JP/yokohama/food-delivery/tapiru-%E6%BA%9D%E3%81%AE%E5%8F%A3%E5%BA%97-tapiru-mizonokuchi/WUnRH2zkRt-nwxMXIB-N8Q/
川崎市高津区 明津188,18:00,https://www.ubereats.com/ja-JP/yokohama/food-delivery/%E3%81%86%E3%81%95%E3%81%8D%2526%E3%81%BF%E3%81%8B%E3%82%93-usagi-and-mikan/bPHOHmKFTtOHDF8iWVm2Pw/location-and-hours/,35.5680313,139.6352608,うさぎ＆みかん USAGI and MIKAN,11:00,,Kawasaki,,https://www.ubereats.com/ja-JP/yokohama/food-delivery/%E3%81%86%E3%81%95%E3%81%8D%26%E3%81%BF%E3%81%8B%E3%82%93-usagi-and-mikan/bPHOHmKFTtOHDF8iWVm2Pw/
1 Chome-2-11 Hiyoshihonchō,23:00,https://www.ubereats.com/ja-JP/yokohama/food-delivery/%25E3%2583%25AD%25E3%2583%2583%25E3%2582%25B3%25E3%2583%259E%25E3%2583%25B3-%25E6%2597%25A5%25E5%2590%2589%25E5%25BA%2597-roccoman-hiyoshi/kA9W3LXVRzGZTmsrFuK4kw/location-and-hours/,35.554089,139.646069,ロッコマン 日吉店 ROCCOMAN Hiyoshi,11:30,,Kōhoku-Ku,,https://www.ubereats.com/ja-JP/yokohama/food-delivery/%E3%83%AD%E3%83%83%E3%82%B3%E3%83%9E%E3%83%B3-%E6%97%A5%E5%90%89%E5%BA%97-roccoman-hiyoshi/kA9W3LXVRzGZTmsrFuK4kw/
神奈川県川崎市中原区上平間1700-125,21:00,https://www.ubereats.com/ja-JP/yokohama/food-delivery/%25E7%25A5%259E%25E4%25BF%259D%25E7%2594%25BA%25E3%2583%2592%25E3%2583%25BC%25E3%2583%2595-%25E5%25B9%25B3%25E9%2596%2593-jinbocho-beef-hirama/5B7AEHyFSu6HrdH0-wSgFw/location-and-hours/,35.5596316,139.6754851,神保町ビーフ 平間 Jinbocho Beef Hirama,11:00,4.6,Kanagawa,19,https://www.ubereats.com/ja-JP/yokohama/food-delivery/%E7%A5%9E%E4%BF%9D%E7%94%BA%E3%83%92%E3%83%BC%E3%83%95-%E5%B9%B3%E9%96%93-jinbocho-beef-hirama/5B7AEHyFSu6HrdH0-wSgFw/
神奈川県川崎市中原区新城３－２－１６,23:00,https://www.ubereats.com/ja-JP/yokohama/food-delivery/%25E3%2583%259E%25E3%2582%25AF%25E3%2583%2588%25E3%2583%258A%25E3%2583%25AB%25E3%2583%2588-%25E6%25AD%25A6%25E8%2594%25B5%25E6%2596%25B0%25E5%259F%258E%25E5%25BA%2597-mcdonalds-musashi-shinjo/9UpEn7QgQ4K78ItzftBY-w/location-and-hours/,35.586586,139.629997,マクドナルド 武蔵新城店 McDonald's MUSASHI SHINJO,10:30,4.5,2110044,500,https://www.ubereats.com/ja-JP/yokohama/food-delivery/%E3%83%9E%E3%82%AF%E3%83%88%E3%83%8A%E3%83%AB%E3%83%88-%E6%AD%A6%E8%94%B5%E6%96%B0%E5%9F%8E%E5%BA%97-mcdonalds-musashi-shinjo/9UpEn7QgQ4K78ItzftBY-w/
神奈川県川崎市中原区上平間1700-125,21:00,https://www.ubereats.com/ja-JP/yokohama/food-delivery/omuricecafe-yellowgourmet-%25E5%25B9%25B3%25E9%2596%2593-hirama/uhQu_bMwQpeNf71JdkiKlA/location-and-hours/,35.5596316,139.6754851,Omuricecafé Yellowgourmet 平間 Hirama,11:00,,Kanagawa,,https://www.ubereats.com/ja-JP/yokohama/food-delivery/omuricecafe-yellowgourmet-%E5%B9%B3%E9%96%93-hirama/uhQu_bMwQpeNf71JdkiKlA/
神奈川県川崎市中原区上平間1700-125,21:00,https://www.ubereats.com/ja-JP/yokohama/food-delivery/%25E3%2583%258F%25E3%2583%25BC%25E3%2582%25AB%25E3%2583%25BC%25E3%2582%25B9%25E3%2582%25AB%25E3%2583%2595%25E3%2582%25A7%25E3%2582%25AF%25E3%2583%25AA%25E3%2583%25AB%25E3%2583%2595%25E3%2582%25AF%25E3%2583%25A8%25E3%2582%25B7-%25E5%25B9%25B3%25E9%2596%2593-burgers-cafe-grill-fukuyoshi-hirama/zpbT_STDQJ-RDGMCqzQETQ/location-and-hours/,35.5596316,139.6754851,バーガーズカフェグリルフクヨシ 平間 Burgers Cafe Grill Fukuyoshi Hirama,11:00,,Kanagawa,,https://www.ubereats.com/ja-JP/yokohama/food-delivery/%E3%83%8F%E3%83%BC%E3%82%AB%E3%83%BC%E3%82%B9%E3%82%AB%E3%83%95%E3%82%A7%E3%82%AF%E3%83%AA%E3%83%AB%E3%83%95%E3%82%AF%E3%83%A8%E3%82%B7-%E5%B9%B3%E9%96%93-burgers-cafe-grill-fukuyoshi-hirama/zpbT_STDQJ-RDGMCqzQETQ/
神奈川県川崎市中原区上平間1700-125,21:00,https://www.ubereats.com/ja-JP/yokohama/food-delivery/%25E7%2589%259B%25E3%2581%259F%25E3%2582%2593%25E5%25B0%2582%25E9%2596%2580%25E5%25BA%2597%25E3%2581%259B%25E3%2582%2593%25E3%2582%258A-%25E5%25B9%25B3%25E9%2596%2593-gyutan-senri-hirama/YfAUSxabTzuIV4ycmAgNcg/location-and-hours/,35.5596316,139.6754851,牛たん専門店せんり 平間 Gyutan Senri Hirama,11:00,,Kanagawa,,https://www.ubereats.com/ja-JP/yokohama/food-delivery/%E7%89%9B%E3%81%9F%E3%82%93%E5%B0%82%E9%96%80%E5%BA%97%E3%81%9B%E3%82%93%E3%82%8A-%E5%B9%B3%E9%96%93-gyutan-senri-hirama/YfAUSxabTzuIV4ycmAgNcg/
神奈川県川崎市中原区新城3-8-7,22:00,https://www.ubereats.com/ja-JP/yokohama/food-delivery/%25E3%2582%25AD%25E3%2583%2583%25E3%2583%2581%25E3%2583%25B3-%25E3%2582%25AA%25E3%2583%25AA%25E3%2582%25B7%25E3%2583%25B3-%25E6%25AD%25A6%25E8%2594%25B5%25E6%2596%25B0%25E5%259F%258E-kitchen-origin-musashishinjo/FAybm5AKQEG7ZXlE0R-EYQ/location-and-hours/,35.5855852,139.630586,キッチン オリジン 武蔵新城 Kitchen Origin Musashishinjo,10:00,4.6,Kanagawa,17,https://www.ubereats.com/ja-JP/yokohama/food-delivery/%E3%82%AD%E3%83%83%E3%83%81%E3%83%B3-%E3%82%AA%E3%83%AA%E3%82%B7%E3%83%B3-%E6%AD%A6%E8%94%B5%E6%96%B0%E5%9F%8E-kitchen-origin-musashishinjo/FAybm5AKQEG7ZXlE0R-EYQ/
神奈川県川崎市中原区新丸子町739番地,22:00,https://www.ubereats.com/ja-JP/yokohama/food-delivery/%25E3%2582%25AD%25E3%2583%2583%25E3%2583%2581%25E3%2583%25B3%25E3%2582%25AA%25E3%2583%25AA%25E3%2582%25B7%25E3%2583%25B3-%25E6%2596%25B0%25E4%25B8%25B8%25E5%25AD%2590-kitchen-origin-shinmaruko/GfSr217DQfSl4Q_azGZAEg/location-and-hours/,35.5806919,139.6612956,キッチンオリジン 新丸子 Kitchen Origin Shinmaruko,10:00,4.3,Kanagawa,17,https://www.ubereats.com/ja-JP/yokohama/food-delivery/%E3%82%AD%E3%83%83%E3%83%81%E3%83%B3%E3%82%AA%E3%83%AA%E3%82%B7%E3%83%B3-%E6%96%B0%E4%B8%B8%E5%AD%90-kitchen-origin-shinmaruko/GfSr217DQfSl4Q_azGZAEg/
神奈川県川崎市中原区下小田中１－２８－１,20:45,https://www.ubereats.com/ja-JP/yokohama/food-delivery/%25E3%2583%259E%25E3%2582%25AF%25E3%2583%2588%25E3%2583%258A%25E3%2583%25AB%25E3%2583%2588-%25E6%25AD%25A6%25E8%2594%25B5%25E4%25B8%25AD%25E5%258E%259F%25E3%2583%259E%25E3%2583%25AB%25E3%2582%25A8%25E3%2583%2584%25E5%25BA%2597-mcdonalds-musashi-nakahara-maruetsu/e4XtNyZCRxKJTopwKAbLCw/location-and-hours/,35.5792816,139.639078,マクドナルド 武蔵中原マルエツ店 McDonald's MUSASHI NAKAHARA MARUETSU,10:30,4.5,2110041,267,https://www.ubereats.com/ja-JP/yokohama/food-delivery/%E3%83%9E%E3%82%AF%E3%83%88%E3%83%8A%E3%83%AB%E3%83%88-%E6%AD%A6%E8%94%B5%E4%B8%AD%E5%8E%9F%E3%83%9E%E3%83%AB%E3%82%A8%E3%83%84%E5%BA%97-mcdonalds-musashi-nakahara-maruetsu/e4XtNyZCRxKJTopwKAbLCw/
神奈川県川崎市高津区諏訪1-8-1,22:00,https://www.ubereats.com/ja-JP/yokohama/food-delivery/%25E3%2582%25AD%25E3%2583%2583%25E3%2583%2581%25E3%2583%25B3%25E3%2582%25AA%25E3%2583%25AA%25E3%2582%25B7%25E3%2583%25B3-%25E4%25BA%258C%25E5%25AD%2590%25E6%2596%25B0%25E5%259C%25B0-kitchen-origin-futako-shinchi/TSfKTKd0R1ai8AveWzr6Hw/location-and-hours/,35.60635190000001,139.6230598,キッチンオリジン 二子新地 Kitchen Origin Futako Shinchi,10:00,,Kanagawa,,https://www.ubereats.com/ja-JP/yokohama/food-delivery/%E3%82%AD%E3%83%83%E3%83%81%E3%83%B3%E3%82%AA%E3%83%AA%E3%82%B7%E3%83%B3-%E4%BA%8C%E5%AD%90%E6%96%B0%E5%9C%B0-kitchen-origin-futako-shinchi/TSfKTKd0R1ai8AveWzr6Hw/
神奈川県川崎市中原区井田中ﾉ町41-6,22:00,https://www.ubereats.com/ja-JP/yokohama/food-delivery/%25E3%2583%258A%25E3%2583%259B%25E3%2583%25AA%25E3%2581%25AE%25E7%25AA%25AF-%25E5%2585%2583%25E4%25BD%258F%25E5%2590%2589-naporinokama-motosumiyoshi/8sTOD0idRyuv1cIo0Yh_fA/location-and-hours/,35.5634863,139.6448727,ナポリの窯 元住吉 Naporinokama Motosumiyoshi,11:00,,Kanagawa,,https://www.ubereats.com/ja-JP/yokohama/food-delivery/%E3%83%8A%E3%83%9B%E3%83%AA%E3%81%AE%E7%AA%AF-%E5%85%83%E4%BD%8F%E5%90%89-naporinokama-motosumiyoshi/8sTOD0idRyuv1cIo0Yh_fA/
神奈川県川崎市高津区新作6-9-41,22:30,https://www.ubereats.com/ja-JP/yokohama/food-delivery/%25E3%2583%258A%25E3%2583%259B%25E3%2583%25AA%25E3%2581%25AE%25E7%25AA%25AF-%25E6%25AD%25A6%25E8%2594%25B5%25E6%2596%25B0%25E5%259F%258E-naporinokama-musashishinjo/Pnv8OzM-QzWPlV8D_xH_VQ/location-and-hours/,35.5864285,139.6282026,ナポリの窯 武蔵新城 Naporinokama Musashishinjo,11:00,,Kanagawa,,https://www.ubereats.com/ja-JP/yokohama/food-delivery/%E3%83%8A%E3%83%9B%E3%83%AA%E3%81%AE%E7%AA%AF-%E6%AD%A6%E8%94%B5%E6%96%B0%E5%9F%8E-naporinokama-musashishinjo/Pnv8OzM-QzWPlV8D_xH_VQ/
神奈川県横浜市港北区下田町4-9-6,22:00,https://www.ubereats.com/ja-JP/yokohama/food-delivery/%25E3%2582%25A2%25E3%2583%25AD%25E3%2583%258F%25E3%2583%2581%25E3%2582%25AD%25E3%2583%25B3-aloha-chicken/Zn_RJs74SM6I6vFdUF4OjQ/location-and-hours/,35.5582689,139.6292528,アロハチキン ALOHA CHICKEN,11:00,,第一吉原ハイツ2号,,https://www.ubereats.com/ja-JP/yokohama/food-delivery/%E3%82%A2%E3%83%AD%E3%83%8F%E3%83%81%E3%82%AD%E3%83%B3-aloha-chicken/Zn_RJs74SM6I6vFdUF4OjQ/
川崎市高津区 溝口4-2-1,21:00,https://www.ubereats.com/ja-JP/yokohama/food-delivery/%25E4%25B8%2589%25E5%25B4%258E%25E4%25B8%25BC%25E4%25B8%25B8-%25E9%25AB%2598%25E6%25B4%25A5%25E5%25BA%2597-misaki-donmaru-takatsu-ten/uQMBI95YSteG186gcMuOMA/location-and-hours/,35.6034854,139.6171411,三崎丼丸 高津店 Misaki Donmaru Takatsu-ten,11:00,4.5,Kawasaki,97,https://www.ubereats.com/ja-JP/yokohama/food-delivery/%E4%B8%89%E5%B4%8E%E4%B8%BC%E4%B8%B8-%E9%AB%98%E6%B4%A5%E5%BA%97-misaki-donmaru-takatsu-ten/uQMBI95YSteG186gcMuOMA/
川崎市幸区 古市場1-34,18:00,https://www.ubereats.com/ja-JP/yokohama/food-delivery/organic-deli-katayama/gEuIADgaS8Cv1mmtRGzYPw/location-and-hours/,35.5530594,139.6830516,Organic Deli. Katayama,09:00,4.7,Kawasaki,141,https://www.ubereats.com/ja-JP/yokohama/food-delivery/organic-deli-katayama/gEuIADgaS8Cv1mmtRGzYPw/?promo=860de810-768b-49e9-b228-4ae93d680050
川崎市中原区 小杉町1-519,22:00,https://www.ubereats.com/ja-JP/yokohama/food-delivery/%E3%83%8F%E3%83%A9%E3%83%AB%E3%82%A4%E3%83%B3%E3%83%88%E3%83%BB%E3%83%8F%E3%82%AD%E3%82%B9%E3%82%BF%E3%83%B3%E6%96%99%E7%90%86%E5%B0%82%E9%96%80%E5%BA%97-%E3%83%8F%E3%83%B3%E3%82%B7%E3%83%A3%E3%83%92-%E3%82%BF%E3%83%8F-halal-indian%2526pakistanrestaurant-punjabi-dhaba/c5p_3_StTYiVuKxddl_K6A/location-and-hours/,35.579097,139.659222,（ハラル）インド・パキスタン料理専門店 パンジャビ ダバ （HALAL） Indian&PakistanRestaurant Punjabi Dhaba,11:00,4.8,田原ビル1F,45,https://www.ubereats.com/ja-JP/yokohama/food-delivery/%E3%83%8F%E3%83%A9%E3%83%AB%E3%82%A4%E3%83%B3%E3%83%88%E3%83%BB%E3%83%8F%E3%82%AD%E3%82%B9%E3%82%BF%E3%83%B3%E6%96%99%E7%90%86%E5%B0%82%E9%96%80%E5%BA%97-%E3%83%8F%E3%83%B3%E3%82%B7%E3%83%A3%E3%83%92-%E3%82%BF%E3%83%8F-halal-indian%26pakistanrestaurant-punjabi-dhaba/c5p_3_StTYiVuKxddl_K6A/
神奈川県川崎市高津区溝口１－１－５,22:00,https://www.ubereats.com/ja-JP/yokohama/food-delivery/%25E3%2583%2586%25E3%2583%258B%25E3%2583%25BC%25E3%2582%25B9-%25E6%25BA%259D%25E3%2583%258E%25E5%258F%25A3%25E9%25A7%2585%25E5%2589%258D-dennys-mizonokuchiekimae/dSHxDsu2QTGPMTYhkxnKRQ/location-and-hours/,35.599306,139.610473,デニーズ 溝ノ口駅前 Denny's MIZONOKUCHIEKIMAE,11:00,4.2,ホテルメッツ溝ノ口２Ｆ,76,https://www.ubereats.com/ja-JP/yokohama/food-delivery/%E3%83%86%E3%83%8B%E3%83%BC%E3%82%B9-%E6%BA%9D%E3%83%8E%E5%8F%A3%E9%A7%85%E5%89%8D-dennys-mizonokuchiekimae/dSHxDsu2QTGPMTYhkxnKRQ/?promo=77a68b9b-e985-41f3-a015-37b741908923
神奈川県川崎市高津区溝口２丁目３－１３,22:00,https://www.ubereats.com/ja-JP/yokohama/food-delivery/%25E3%2583%258F%25E3%2583%25BC%25E3%2583%259F%25E3%2583%25A4%25E3%2583%25B3-%25E6%25BA%259D%25E3%2581%25AE%25E5%258F%25A3%25E5%25BA%2597-bamiyan-mizonokuchi/NwDRwsDqS7-xf7e3844hsA/location-and-hours/,35.5998771,139.6096381,バーミヤン 溝の口店 Bamiyan Mizonokuchi,10:30,4.5,213-0001,102,https://www.ubereats.com/ja-JP/yokohama/food-delivery/%E3%83%8F%E3%83%BC%E3%83%9F%E3%83%A4%E3%83%B3-%E6%BA%9D%E3%81%AE%E5%8F%A3%E5%BA%97-bamiyan-mizonokuchi/NwDRwsDqS7-xf7e3844hsA/
Japan,23:00,https://www.ubereats.com/ja-JP/yokohama/food-delivery/%25E3%2583%2592%25E3%2583%259E%25E3%2583%25A9%25E3%2583%25A4%25E3%2583%25B3%25E3%2582%25AB%25E3%2583%25AC%25E3%2583%25BC%25E3%2583%258B%25E3%2583%25AB%25E3%2582%25A6%25E3%2582%25A1%25E3%2583%25BC%25E3%2583%258A-himalayan-curry-nirvana/QTSFfGZ8Rhiaep3wpScEyw/location-and-hours/,35.55102520000001,139.6757199,ヒマラヤンカレーニルヴァーナ Himalayan Curry NIRVANA,11:00,4.3,〒212-0058 Kanagawa-Ken,29,https://www.ubereats.com/ja-JP/yokohama/food-delivery/%E3%83%92%E3%83%9E%E3%83%A9%E3%83%A4%E3%83%B3%E3%82%AB%E3%83%AC%E3%83%BC%E3%83%8B%E3%83%AB%E3%82%A6%E3%82%A1%E3%83%BC%E3%83%8A-himalayan-curry-nirvana/QTSFfGZ8Rhiaep3wpScEyw/
神奈川県川崎市中原区北谷町8,22:30,https://www.ubereats.com/ja-JP/yokohama/food-delivery/%25E6%259D%25BE%25E5%25B1%258B-%25E5%25B9%25B3%25E9%2596%2593%25E5%25BA%2597-matsuya-hirama/ObenIKOGTAekwne6zj1KIw/location-and-hours/,35.561404,139.671359,松屋 平間店 Matsuya Hirama,10:00,4.3,211-0015,92,https://www.ubereats.com/ja-JP/yokohama/food-delivery/%E6%9D%BE%E5%B1%8B-%E5%B9%B3%E9%96%93%E5%BA%97-matsuya-hirama/ObenIKOGTAekwne6zj1KIw/
川崎市幸区南加瀬4-16-9,23:00,https://www.ubereats.com/ja-JP/yokohama/food-delivery/%25E3%2581%2599%25E3%2581%258D%25E5%25AE%25B6-%25E5%25B7%259D%25E5%25B4%258E%25E5%258D%2597%25E5%258A%25A0%25E7%2580%25AC%25E5%25BA%2597-sukiya-kawasaki-minamikaze/NcJDrAyERVGNc7WTfYzEmg/location-and-hours/,35.5457742,139.6600164,すき家 川崎南加瀬店 Sukiya Kawasaki Minamikaze,10:00,4.4,212-0055,97,https://www.ubereats.com/ja-JP/yokohama/food-delivery/%E3%81%99%E3%81%8D%E5%AE%B6-%E5%B7%9D%E5%B4%8E%E5%8D%97%E5%8A%A0%E7%80%AC%E5%BA%97-sukiya-kawasaki-minamikaze/NcJDrAyERVGNc7WTfYzEmg/
川崎市高津区久本3-16-3,19:30,https://www.ubereats.com/ja-JP/yokohama/food-delivery/%25E5%259D%2582%25E6%259C%25AC%25E5%25B1%258B%25E9%2585%2592%25E5%25BA%2597-sakamotoya-liquor-store/8qas1eZpQKa5MBUNfp3Z2w/location-and-hours/,35.593093,139.6194421,坂本屋酒店 Sakamotoya Liquor store,09:00,,Kanagawa,,https://www.ubereats.com/ja-JP/yokohama/food-delivery/%E5%9D%82%E6%9C%AC%E5%B1%8B%E9%85%92%E5%BA%97-sakamotoya-liquor-store/8qas1eZpQKa5MBUNfp3Z2w/
神奈川県川崎市中原区上平間1340,21:00,https://www.ubereats.com/ja-JP/yokohama/food-delivery/%25E4%25B8%25AD%25E6%25B4%25A5%25E3%2581%2597%25E3%2582%2587%25E3%2581%2586%25E3%2582%2586-%25E3%2581%258B%25E3%2582%2589%25E3%2581%2582%25E3%2581%2591%25E5%25B0%2582%25E9%2596%2580%25E5%25BA%2597-%25E9%25B6%258F%25E7%25AC%2591-%25E5%25B7%259D%25E5%25B4%258E%25E4%25B8%258A%25E5%25B9%25B3%25E9%2596%2593%25E5%25BA%2597-torisho-kawasaki-kamihirama/zdZ1BzyIROqh4VfawMsSTw/location-and-hours/,35.557629397811176,139.67683553063077,中津しょうゆ からあげ専門店 鶏笑 川崎上平間店 Torisho KAWASAKI-KAMIHIRAMA,11:00,4.1,高橋ハイツ101,38,https://www.ubereats.com/ja-JP/yokohama/food-delivery/%E4%B8%AD%E6%B4%A5%E3%81%97%E3%82%87%E3%81%86%E3%82%86-%E3%81%8B%E3%82%89%E3%81%82%E3%81%91%E5%B0%82%E9%96%80%E5%BA%97-%E9%B6%8F%E7%AC%91-%E5%B7%9D%E5%B4%8E%E4%B8%8A%E5%B9%B3%E9%96%93%E5%BA%97-torisho-kawasaki-kamihirama/zdZ1BzyIROqh4VfawMsSTw/
神奈川県川崎市中原区木月3-6-18,22:30,https://www.ubereats.com/ja-JP/yokohama/food-delivery/%25E6%259D%25BE%25E5%25B1%258B-%25E5%2585%2583%25E4%25BD%258F%25E5%2590%2589%25E5%25BA%2597-matsuya-motosumiyoshi/CAXGS2spSgWV-liHcdZFgg/location-and-hours/,35.5654836,139.6508807,松屋 元住吉店 Matsuya Motosumiyoshi,10:00,,Kanagawa,,https://www.ubereats.com/ja-JP/yokohama/food-delivery/%E6%9D%BE%E5%B1%8B-%E5%85%83%E4%BD%8F%E5%90%89%E5%BA%97-matsuya-motosumiyoshi/CAXGS2spSgWV-liHcdZFgg/
神奈川県川崎市中原区上新城２丁目１１－１０,22:00,https://www.ubereats.com/ja-JP/yokohama/food-delivery/%25E3%2582%25B7%25E3%2583%25A7%25E3%2583%258A%25E3%2582%25B5%25E3%2583%25B3-%25E6%25AD%25A6%25E8%2594%25B5%25E6%2596%25B0%25E5%259F%258E%25E5%25BA%2597-jonathans-musashi-shinjo/BzCaAhBGSGOmce_s-k2MDQ/location-and-hours/,35.5876194,139.6287887,ジョナサン 武蔵新城店 Jonathan's Musashi Shinjo,10:00,4.6,211-0045,40,https://www.ubereats.com/ja-JP/yokohama/food-delivery/%E3%82%B7%E3%83%A7%E3%83%8A%E3%82%B5%E3%83%B3-%E6%AD%A6%E8%94%B5%E6%96%B0%E5%9F%8E%E5%BA%97-jonathans-musashi-shinjo/BzCaAhBGSGOmce_s-k2MDQ/
神奈川県川崎市高津区溝口1ｰ4ｰ1,21:00,https://www.ubereats.com/ja-JP/yokohama/food-delivery/%25E3%2582%25B5%25E3%2583%25BC%25E3%2583%2586%25E3%2582%25A3%25E3%2583%25AF%25E3%2583%25B3-%25E3%2582%25A2%25E3%2582%25A4%25E3%2582%25B9%25E3%2582%25AF%25E3%2583%25AA%25E3%2583%25BC%25E3%2583%25A0-%25E6%25BA%259D%25E5%258F%25A3%25E5%25BA%2597-31-icecream-mizonokuchi/ViMQ__8PTDqxFe88qeXiiw/location-and-hours/,35.5991511,139.6129727,サーティワン アイスクリーム 溝口店 31 IceCream Mizonokuchi,11:30,4.3,丸井溝口店1F,10,https://www.ubereats.com/ja-JP/yokohama/food-delivery/%E3%82%B5%E3%83%BC%E3%83%86%E3%82%A3%E3%83%AF%E3%83%B3-%E3%82%A2%E3%82%A4%E3%82%B9%E3%82%AF%E3%83%AA%E3%83%BC%E3%83%A0-%E6%BA%9D%E5%8F%A3%E5%BA%97-31-icecream-mizonokuchi/ViMQ__8PTDqxFe88qeXiiw/
神奈川県川崎市高津区子母口281-2,21:00,https://www.ubereats.com/ja-JP/yokohama/food-delivery/%25E5%2592%258C%25E9%25A3%259F%25E3%2583%25AC%25E3%2582%25B9%25E3%2583%2588%25E3%2583%25A9%25E3%2583%25B3%25E3%2581%25A8%25E3%2582%2593%25E3%2581%25A6%25E3%2582%2593-%25E5%25AD%2590%25E6%25AF%258D%25E5%258F%25A3%25E5%25BA%2597-tonden-shiboguchi/YMZh_J6gRYCLzz1j6mVtwA/location-and-hours/,35.5722293,139.629937,和食レストランとんでん 子母口店 Tonden Shiboguchi,11:00,4.6,213-0023,15,https://www.ubereats.com/ja-JP/yokohama/food-delivery/%E5%92%8C%E9%A3%9F%E3%83%AC%E3%82%B9%E3%83%88%E3%83%A9%E3%83%B3%E3%81%A8%E3%82%93%E3%81%A6%E3%82%93-%E5%AD%90%E6%AF%8D%E5%8F%A3%E5%BA%97-tonden-shiboguchi/YMZh_J6gRYCLzz1j6mVtwA/
Nakahara-Ku,18:00,https://www.ubereats.com/ja-JP/yokohama/food-delivery/%25E3%2582%25A4%25E3%2582%25AF%25E3%2583%259F%25E3%2583%259E%25E3%2583%259E%25E3%2581%25AE%25E3%2581%25A8%25E3%2581%2586%25E3%2581%25B5%25E3%2581%25A4%25E3%2583%2588%25E3%2583%25BC%25E3%2583%258A%25E3%2583%2584!-ikumimama-animal-donuts/Wbxb-076T2ifefItrHF3cQ/location-and-hours/,35.565569,139.650829,イクミママのどうぶつドーナツ！ Ikumimama Animal Donuts,10:00,,Kizuki,,https://www.ubereats.com/ja-JP/yokohama/food-delivery/%E3%82%A4%E3%82%AF%E3%83%9F%E3%83%9E%E3%83%9E%E3%81%AE%E3%81%A8%E3%81%86%E3%81%B5%E3%81%A4%E3%83%88%E3%83%BC%E3%83%8A%E3%83%84!-ikumimama-animal-donuts/Wbxb-076T2ifefItrHF3cQ/
神奈川県川崎市高津区子母口521-2,23:00,https://www.ubereats.com/ja-JP/yokohama/food-delivery/%25E5%2590%2589%25E9%2587%258E%25E5%25AE%25B6-%25E5%25AD%2590%25E6%25AF%258D%25E5%258F%25A3%25E5%25BA%2597-yoshinoya-shibokuchi/l1RZOK-jSQWSzsemEZ8Ptw/location-and-hours/,35.5712164,139.6331866,吉野家 子母口店 Yoshinoya SHIBOKUCHI,10:00,4.8,213-0023,23,https://www.ubereats.com/ja-JP/yokohama/food-delivery/%E5%90%89%E9%87%8E%E5%AE%B6-%E5%AD%90%E6%AF%8D%E5%8F%A3%E5%BA%97-yoshinoya-shibokuchi/l1RZOK-jSQWSzsemEZ8Ptw/
神奈川県川崎市中原区木月３ー６ー２３,20:30,https://www.ubereats.com/ja-JP/yokohama/food-delivery/%25E3%2582%25B5%25E3%2583%25BC%25E3%2583%2586%25E3%2582%25A3%25E3%2583%25AF%25E3%2583%25B3-%25E3%2582%25A2%25E3%2582%25A4%25E3%2582%25B9%25E3%2582%25AF%25E3%2583%25AA%25E3%2583%25BC%25E3%2583%25A0-%25E5%2585%2583%25E4%25BD%258F%25E5%2590%2589%25E3%2583%2595%25E3%2583%25AC%25E3%2583%25BC%25E3%2583%25A1%25E3%2583%25B3%25E9%2580%259A%25E3%2582%258A%25E5%25BA%2597-31-icecream-motosumiyoshi-bremen-dori/61mzZfTRS6W0eqnrKPc-0w/location-and-hours/,35.5654651,139.6506534,サーティワン アイスクリーム 元住吉ブレーメン通り店 31 IceCream Motosumiyoshi Bremen-dori,11:30,4.6,211-0025,21,https://www.ubereats.com/ja-JP/yokohama/food-delivery/%E3%82%B5%E3%83%BC%E3%83%86%E3%82%A3%E3%83%AF%E3%83%B3-%E3%82%A2%E3%82%A4%E3%82%B9%E3%82%AF%E3%83%AA%E3%83%BC%E3%83%A0-%E5%85%83%E4%BD%8F%E5%90%89%E3%83%95%E3%83%AC%E3%83%BC%E3%83%A1%E3%83%B3%E9%80%9A%E3%82%8A%E5%BA%97-31-icecream-motosumiyoshi-bremen-dori/61mzZfTRS6W0eqnrKPc-0w/
Saiwai-Ku,22:00,https://www.ubereats.com/ja-JP/yokohama/food-delivery/%25E3%2582%25A4%25E3%2583%25B3%25E3%2583%2588%25E3%2583%25AC%25E3%2582%25B9%25E3%2583%2588%25E3%2583%25A9%25E3%2583%25B3-%25E3%2582%25B5%25E3%2582%25AB%25E3%2583%25AB%25E3%2583%259E%25E3%2583%25BC%25E3%2582%25BF-indian-restaurant-sagarmatha/OwuNgCf_SnySDFjAh7PD-g/location-and-hours/,35.545266,139.667181,インドレストラン サガルマータ Indian Restaurant Sagarmatha,11:00,4.7,Minamikase,15,https://www.ubereats.com/ja-JP/yokohama/food-delivery/%E3%82%A4%E3%83%B3%E3%83%88%E3%83%AC%E3%82%B9%E3%83%88%E3%83%A9%E3%83%B3-%E3%82%B5%E3%82%AB%E3%83%AB%E3%83%9E%E3%83%BC%E3%82%BF-indian-restaurant-sagarmatha/OwuNgCf_SnySDFjAh7PD-g/
中原区新城３丁目９−３,19:30,https://www.ubereats.com/ja-JP/yokohama/food-delivery/%25E3%2581%2582%25E3%2581%258A%25E3%2581%259D%25E3%2582%2589%25E3%2583%259E%25E3%2583%25AB%25E3%2582%25B7%25E3%2582%25A7-%25E6%25AD%25A6%25E8%2594%25B5%25E6%2596%25B0%25E5%259F%258E%25E5%25BA%2597-aozoramarche-musashishinjo-shop/ixb-S163TsmKVDH7MR-0Ng/location-and-hours/,35.5852164,139.6305792,あおぞらマルシェ 武蔵新城店 Aozoramarche MusashiShinjo-Shop,11:00,4.4,Yokohama,36,https://www.ubereats.com/ja-JP/yokohama/food-delivery/%E3%81%82%E3%81%8A%E3%81%9D%E3%82%89%E3%83%9E%E3%83%AB%E3%82%B7%E3%82%A7-%E6%AD%A6%E8%94%B5%E6%96%B0%E5%9F%8E%E5%BA%97-aozoramarche-musashishinjo-shop/ixb-S163TsmKVDH7MR-0Ng/?promo=35b94ad4-86c2-4388-a714-f44df2a3a700
神奈川県川崎市高津区千年６６１－１,22:00,https://www.ubereats.com/ja-JP/yokohama/food-delivery/%25E3%2582%25B7%25E3%2583%25A7%25E3%2583%258A%25E3%2582%25B5%25E3%2583%25B3-%25E5%25B7%259D%25E5%25B4%258E%25E5%258D%2583%25E5%25B9%25B4%25E5%25BA%2597-jonathans-kawasaki-chitose/zhsHMZBnRYqcWRCWD6FVVQ/location-and-hours/,35.5774655,139.6269785,ジョナサン 川崎千年店 Jonathan's Kawasaki Chitose,10:00,4.6,213-0022,18,https://www.ubereats.com/ja-JP/yokohama/food-delivery/%E3%82%B7%E3%83%A7%E3%83%8A%E3%82%B5%E3%83%B3-%E5%B7%9D%E5%B4%8E%E5%8D%83%E5%B9%B4%E5%BA%97-jonathans-kawasaki-chitose/zhsHMZBnRYqcWRCWD6FVVQ/
川崎市幸区鹿島田1丁目18-1153番地,23:00,https://www.ubereats.com/ja-JP/yokohama/food-delivery/%25E3%2581%2599%25E3%2581%258D%25E5%25AE%25B6-%25E9%25B9%25BF%25E5%25B3%25B6%25E7%2594%25B0%25E9%25A7%2585%25E5%2589%258D%25E5%25BA%2597-sukiya-kashimada-ekimae/ca2s_hfaQRqos1SxyVnSUQ/location-and-hours/,35.5510179,139.6757094,すき家 鹿島田駅前店 Sukiya Kashimada Ekimae,10:00,4.4,KSビル1F,74,https://www.ubereats.com/ja-JP/yokohama/food-delivery/%E3%81%99%E3%81%8D%E5%AE%B6-%E9%B9%BF%E5%B3%B6%E7%94%B0%E9%A7%85%E5%89%8D%E5%BA%97-sukiya-kashimada-ekimae/ca2s_hfaQRqos1SxyVnSUQ/
Nakahara-Ku,16:00,https://www.ubereats.com/ja-JP/yokohama/food-delivery/%25E6%2596%25B0%25E5%259F%258E%25E3%2583%2586%25E3%2583%25A9%25E3%2582%25B9-shinjo-terrace/q2luYWUbTwKVsOO-cnkyyg/location-and-hours/,35.587996,139.630511,新城テラス Shinjo-Terrace,10:00,4.9,Kamishinjō,14,https://www.ubereats.com/ja-JP/yokohama/food-delivery/%E6%96%B0%E5%9F%8E%E3%83%86%E3%83%A9%E3%82%B9-shinjo-terrace/q2luYWUbTwKVsOO-cnkyyg/
神奈川県横浜市港北区下田町4-9-6,22:00,https://www.ubereats.com/ja-JP/yokohama/food-delivery/%25E4%25B8%25BC%25E5%25B0%2582%25E9%2596%2580%25E5%25BA%2597%25E4%25B8%25BC%25E3%2583%25A9%25E3%2582%25A4%25E3%2582%25BF%25E3%2583%25BC-bowl-rider/pF5prEyoT7SDhkDfOjYtxw/location-and-hours/,35.5582689,139.6292528,丼専門店丼ライダー BOWL RIDER,11:00,,第一吉原ハイツ2号,,https://www.ubereats.com/ja-JP/yokohama/food-delivery/%E4%B8%BC%E5%B0%82%E9%96%80%E5%BA%97%E4%B8%BC%E3%83%A9%E3%82%A4%E3%82%BF%E3%83%BC-bowl-rider/pF5prEyoT7SDhkDfOjYtxw/
神奈川県横浜市港北区下田町4-9-6,22:00,https://www.ubereats.com/ja-JP/yokohama/food-delivery/%25E3%2582%25AD%25E3%2583%25BC%25E3%2583%259E%25E3%2583%25BC%25E3%2582%25B9-keemers/TvuULDanS3aN7hE6gRxIFg/location-and-hours/,35.5582689,139.6292528,キーマーズ keemers,11:00,,第一吉原ハイツ2号,,https://www.ubereats.com/ja-JP/yokohama/food-delivery/%E3%82%AD%E3%83%BC%E3%83%9E%E3%83%BC%E3%82%B9-keemers/TvuULDanS3aN7hE6gRxIFg/
神奈川県横浜市港北区下田町4-9-6,22:00,https://www.ubereats.com/ja-JP/yokohama/food-delivery/%25E6%25A5%25B5%25E4%25B8%258A-%25E5%258F%25B0%25E6%25B9%25BE%25E9%25A3%25AF-special-taiwan-food/WmSKh1uBQWyg74rqovhbbQ/location-and-hours/,35.5582689,139.6292528,極上 台湾飯 SPECIAL TAIWAN FOOD,11:00,,第一吉原ハイツ2号,,https://www.ubereats.com/ja-JP/yokohama/food-delivery/%E6%A5%B5%E4%B8%8A-%E5%8F%B0%E6%B9%BE%E9%A3%AF-special-taiwan-food/WmSKh1uBQWyg74rqovhbbQ/
神奈川県川崎市高津区子母口496-1,20:30,https://www.ubereats.com/ja-JP/yokohama/food-delivery/%25E5%25B0%258F%25E5%2583%25A7%25E5%25AF%25BF%25E3%2581%2597-%25E5%25AD%2590%25E6%25AF%258D%25E5%258F%25A3%25E5%25BA%2597-kozo-sushi-shiboguchi/CC9l5P_ITA2yAzB0-N95Ug/location-and-hours/,35.5729162,139.6317033,小僧寿し 子母口店 Kozo Sushi SHIBOGUCHI,10:30,,213-0023,,https://www.ubereats.com/ja-JP/yokohama/food-delivery/%E5%B0%8F%E5%83%A7%E5%AF%BF%E3%81%97-%E5%AD%90%E6%AF%8D%E5%8F%A3%E5%BA%97-kozo-sushi-shiboguchi/CC9l5P_ITA2yAzB0-N95Ug/
693 Kitayachō,23:00,https://www.ubereats.com/ja-JP/yokohama/food-delivery/%25E8%2585%25B9%25E3%2583%2598%25E3%2582%25B3-harapeko/5nFflewOQamARsk7zpu2yg/location-and-hours/,35.5636899,139.6700864,腹ペコ Harapeko,11:00,,Nakahara-Ku,,https://www.ubereats.com/ja-JP/yokohama/food-delivery/%E8%85%B9%E3%83%98%E3%82%B3-harapeko/5nFflewOQamARsk7zpu2yg/
Takatsu-Ku,21:00,https://www.ubereats.com/ja-JP/yokohama/food-delivery/herb-diner-%2526-bar-%E3%82%B7%E3%83%A3%E3%83%83%E3%82%AF%E3%83%9B%E3%83%83%E3%83%88%E6%BA%9D%E3%81%AE%E5%8F%A3-herb-diner-%2526-bar-jackpot/zkKYahHXTnurki3WsvodYQ/location-and-hours/,35.600187,139.612745,Herb Diner & Bar ジャックポット溝の口 Herb Diner & Bar Jackpot,11:00,,Mizonokuchi,,https://www.ubereats.com/ja-JP/yokohama/food-delivery/herb-diner-%26-bar-%E3%82%B7%E3%83%A3%E3%83%83%E3%82%AF%E3%83%9B%E3%83%83%E3%83%88%E6%BA%9D%E3%81%AE%E5%8F%A3-herb-diner-%26-bar-jackpot/zkKYahHXTnurki3WsvodYQ/
神奈川県川崎市高津区子母口496-1,21:00,https://www.ubereats.com/ja-JP/yokohama/food-delivery/%25E5%25A4%25A7%25E5%2588%2586%25E4%25B8%25AD%25E6%25B4%25A5-%25E3%2581%258B%25E3%2582%2589%25E3%2581%2582%25E3%2581%2591%25E5%25A4%25A7%25E8%2587%25A3-%25E5%25AD%2590%25E6%25AF%258D%25E5%258F%25A3%25E5%25BA%2597-karaage-daijin-shibokuchi/j1vGgApiQBajMO-AfY6fjw/location-and-hours/,35.5729162,139.6317033,大分中津 からあげ大臣 子母口店 Karaage Daijin SHIBOKUCHI,11:00,,213-0023,,https://www.ubereats.com/ja-JP/yokohama/food-delivery/%E5%A4%A7%E5%88%86%E4%B8%AD%E6%B4%A5-%E3%81%8B%E3%82%89%E3%81%82%E3%81%91%E5%A4%A7%E8%87%A3-%E5%AD%90%E6%AF%8D%E5%8F%A3%E5%BA%97-karaage-daijin-shibokuchi/j1vGgApiQBajMO-AfY6fjw/
神奈川県川崎市高津区久本1-4-10,22:30,https://www.ubereats.com/ja-JP/yokohama/food-delivery/%25E6%259D%25BE%25E5%25B1%258B-%25E6%25BA%259D%25E3%2581%25AE%25E5%258F%25A3%25E5%258D%2597%25E5%258F%25A3%25E5%25BA%2597-matsuya-mizonokuchi-minamiguchi/uVctprsCRomSUacLIUyn7A/location-and-hours/,35.5986758,139.6104081,松屋 溝の口南口店 Matsuya Mizonokuchi Minamiguchi,10:00,,Kanagawa,,https://www.ubereats.com/ja-JP/yokohama/food-delivery/%E6%9D%BE%E5%B1%8B-%E6%BA%9D%E3%81%AE%E5%8F%A3%E5%8D%97%E5%8F%A3%E5%BA%97-matsuya-mizonokuchi-minamiguchi/uVctprsCRomSUacLIUyn7A/
4 Chome-7-10 Shimodachō,17:00,https://www.ubereats.com/ja-JP/yokohama/food-delivery/%25E3%2581%25B2%25E3%2581%25A8%25E3%2581%25A8%25E3%2581%258D-hitotoki/kn6ybF3sQB6z7fUbu-0iKw/location-and-hours/,35.558713,139.631232,ひととき Hitotoki,11:45,4.9,Kōhoku-Ku,18,https://www.ubereats.com/ja-JP/yokohama/food-delivery/%E3%81%B2%E3%81%A8%E3%81%A8%E3%81%8D-hitotoki/kn6ybF3sQB6z7fUbu-0iKw/
2 Chome-2-11 Hiyoshi,23:00,https://www.ubereats.com/ja-JP/yokohama/food-delivery/%25E3%2583%2592%25E3%2583%2583%25E3%2583%2584%25E3%2582%25A7%25E3%2583%25AA%25E3%2582%25A2-%25E3%2583%25AC%25E3%2582%25B7%25E3%2582%25B9%25E3%2582%25BF-pizzeria-regista/oZHvDRP-TgG3tO4pFLjIuA/location-and-hours/,35.554328,139.646528,ピッツェリア レジスタ Pizzeria Regista,11:00,4.4,Kōhoku-Ku,82,https://www.ubereats.com/ja-JP/yokohama/food-delivery/%E3%83%92%E3%83%83%E3%83%84%E3%82%A7%E3%83%AA%E3%82%A2-%E3%83%AC%E3%82%B7%E3%82%B9%E3%82%BF-pizzeria-regista/oZHvDRP-TgG3tO4pFLjIuA/
1 Chome-18-17 Hiyoshihonchō,17:20,https://www.ubereats.com/ja-JP/yokohama/food-delivery/%25E3%2582%25AB%25E3%2583%2595%25E3%2582%25A7-%25E3%2581%2584%25E3%2581%25A3%25E3%2581%2599%25E3%2581%2584-cafe-issui/OmtHnH4jTwGqAo7ALZ8KBg/location-and-hours/,35.55370010000001,139.6448528,カフェ いっすい Cafe Issui,11:00,4.7,Kōhoku-Ku,18,https://www.ubereats.com/ja-JP/yokohama/food-delivery/%E3%82%AB%E3%83%95%E3%82%A7-%E3%81%84%E3%81%A3%E3%81%99%E3%81%84-cafe-issui/OmtHnH4jTwGqAo7ALZ8KBg/
神奈川県川崎市高津区野川２１８５,21:00,https://www.ubereats.com/ja-JP/yokohama/food-delivery/%25E9%2595%25B7%25E5%25B4%258E%25E3%2581%25A1%25E3%2582%2583%25E3%2582%2593%25E3%2581%25BB%25E3%2582%2593-%25E3%2583%25AA%25E3%2583%25B3%25E3%2582%25AB%25E3%2583%25BC%25E3%2583%258F%25E3%2583%2583%25E3%2583%2588-%25E5%25B7%259D%25E5%25B4%258E%25E9%2587%258E%25E5%25B7%259D%25E5%25BA%2597-ringer-hut-kawasaki-nogawa/opS5_RiqSIWwx9CPJykNLQ/location-and-hours/,35.5687082,139.6155708,長崎ちゃんぽん リンガーハット 川崎野川店 Ringer Hut KAWASAKI-NOGAWA,11:00,4.5,213-0027,77,https://www.ubereats.com/ja-JP/yokohama/food-delivery/%E9%95%B7%E5%B4%8E%E3%81%A1%E3%82%83%E3%82%93%E3%81%BB%E3%82%93-%E3%83%AA%E3%83%B3%E3%82%AB%E3%83%BC%E3%83%8F%E3%83%83%E3%83%88-%E5%B7%9D%E5%B4%8E%E9%87%8E%E5%B7%9D%E5%BA%97-ringer-hut-kawasaki-nogawa/opS5_RiqSIWwx9CPJykNLQ/
1 Chome-1-10 Hiyoshihonchō,20:30,https://www.ubereats.com/ja-JP/yokohama/food-delivery/%25E5%258C%2597%25E6%25B5%25B7%25E9%2581%2593%25E5%2594%2590%25E6%258F%259A%25E3%2581%2591-%25E3%2581%2588%25E3%2581%259D%25E4%25B8%25B8-%25E6%2597%25A5%25E5%2590%2589%25E5%25BA%2597-ezomaru-hiyoshi/r4E9Emr1TPO2TH0fCIpOiA/location-and-hours/,35.553703,139.646319,北海道唐揚げ えぞ丸 日吉店 Ezomaru Hiyoshi,11:00,4.7,Kōhoku-Ku,78,https://www.ubereats.com/ja-JP/yokohama/food-delivery/%E5%8C%97%E6%B5%B7%E9%81%93%E5%94%90%E6%8F%9A%E3%81%91-%E3%81%88%E3%81%9D%E4%B8%B8-%E6%97%A5%E5%90%89%E5%BA%97-ezomaru-hiyoshi/r4E9Emr1TPO2TH0fCIpOiA/
神奈川県横浜市港北区日吉本町1丁目23-3,22:00,https://www.ubereats.com/ja-JP/yokohama/food-delivery/%25E3%2581%259D%25E3%2581%25AF%25E5%2587%25A6-%25E3%2581%259F%25E3%2581%25A4%25E5%2590%2589-japanese-noodle-tatsukichi/Q_k2ZnpoRaK_1n197p79KA/location-and-hours/,35.5528251,139.646146,そば処 たつ吉 Japanese Noodle TATSUKICHI,11:30,4.3,1F,150,https://www.ubereats.com/ja-JP/yokohama/food-delivery/%E3%81%9D%E3%81%AF%E5%87%A6-%E3%81%9F%E3%81%A4%E5%90%89-japanese-noodle-tatsukichi/Q_k2ZnpoRaK_1n197p79KA/
神奈川県川崎市中原区木月四丁目31番7号,22:00,https://www.ubereats.com/ja-JP/yokohama/food-delivery/%25E3%2581%25AF%25E3%2581%25BE%25E5%25AF%25BF%25E5%258F%25B8-%25E6%2597%25A5%25E5%2590%2589%25E5%25BA%2597-hamazushi-hiyoshi/isH66YsOSjmblAQ6VQWGng/location-and-hours/,35.5590088,139.6517927,はま寿司 日吉店 Hamazushi Hiyoshi,11:00,4.2,リンコー日吉ビル1階,143,https://www.ubereats.com/ja-JP/yokohama/food-delivery/%E3%81%AF%E3%81%BE%E5%AF%BF%E5%8F%B8-%E6%97%A5%E5%90%89%E5%BA%97-hamazushi-hiyoshi/isH66YsOSjmblAQ6VQWGng/
5 Chome-4-12 Tsunashimanishi,21:00,https://www.ubereats.com/ja-JP/yokohama/food-delivery/%25E3%2581%25A6%25E3%2581%25A3%25E3%2581%25AF%25E3%2582%2593%25E3%2580%2582-teppan/TH8Pq_FeQ2icwFoUkJVtIw/location-and-hours/,35.5457627,139.6273047,てっぱん。 Teppan.,11:30,4.2,Kōhoku-Ku,53,https://www.ubereats.com/ja-JP/yokohama/food-delivery/%E3%81%A6%E3%81%A3%E3%81%AF%E3%82%93%E3%80%82-teppan/TH8Pq_FeQ2icwFoUkJVtIw/
Hamatora Hiyoshi Shop,20:00,https://www.ubereats.com/ja-JP/yokohama/food-delivery/%25E9%25BA%25BA%25E5%25A0%25B4%25E3%2583%258F%25E3%2583%259E%25E3%2583%2588%25E3%2583%25A9-%25E6%2597%25A5%25E5%2590%2589%25E5%25BA%2597-menba-hamatora-hiyoshi/xWz9GycQS92vdDKJRwxSmQ/location-and-hours/,35.555392,139.645156,麺場ハマトラ 日吉店 Menba Hamatora Hiyoshi,12:00,4.6,1F,114,https://www.ubereats.com/ja-JP/yokohama/food-delivery/%E9%BA%BA%E5%A0%B4%E3%83%8F%E3%83%9E%E3%83%88%E3%83%A9-%E6%97%A5%E5%90%89%E5%BA%97-menba-hamatora-hiyoshi/xWz9GycQS92vdDKJRwxSmQ/
神奈川県川崎市宮前区野川１２３３,22:00,https://www.ubereats.com/ja-JP/yokohama/food-delivery/%25E3%2582%25AB%25E3%2582%25B9%25E3%2583%2588-%25E9%2587%258E%25E5%25B7%259D%25E5%25BA%2597-gusto-nogawa/LBuDcES1TRaNZlarMciPag/location-and-hours/,35.5726885,139.6147273,ガスト 野川店 Gusto Nogawa,10:30,4.4,216-0001,46,https://www.ubereats.com/ja-JP/yokohama/food-delivery/%E3%82%AB%E3%82%B9%E3%83%88-%E9%87%8E%E5%B7%9D%E5%BA%97-gusto-nogawa/LBuDcES1TRaNZlarMciPag/
神奈川県横浜市港北区日吉3-2-15,22:00,https://www.ubereats.com/ja-JP/yokohama/food-delivery/%25E3%2582%25AD%25E3%2583%2583%25E3%2583%2581%25E3%2583%25B3-%25E3%2582%25AA%25E3%2583%25AA%25E3%2582%25B7%25E3%2583%25B3-%25E6%2597%25A5%25E5%2590%2589-kitchen-origin-hiyoshi/myJbQoxgT6qVhAyhEieleg/location-and-hours/,35.5574719,139.6499443,キッチン オリジン 日吉 Kitchen Origin Hiyoshi,10:00,4.2,Kanagawa,32,https://www.ubereats.com/ja-JP/yokohama/food-delivery/%E3%82%AD%E3%83%83%E3%83%81%E3%83%B3-%E3%82%AA%E3%83%AA%E3%82%B7%E3%83%B3-%E6%97%A5%E5%90%89-kitchen-origin-hiyoshi/myJbQoxgT6qVhAyhEieleg/
神奈川県横浜市港北区日吉本町1-16,23:00,https://www.ubereats.com/ja-JP/yokohama/food-delivery/%25E3%2582%25AB%25E3%2583%25AC%25E3%2583%25BC%25E3%2583%258F%25E3%2582%25A6%25E3%2582%25B9-coco%25E5%25A3%25B1%25E7%2595%25AA%25E5%25B1%258B-%25E6%25B8%25AF%25E5%258C%2597%25E5%258C%25BA%25E6%2597%25A5%25E5%2590%2589%25E4%25B8%25AD%25E5%25A4%25AE%25E9%2580%259A%25E3%2582%258A-curry-house-coco-ichibanya-kouhokuku-hiyoshichuodori/geeOcwkIR1ihdYzmlaiiwg/location-and-hours/,35.5539249,139.6439539,カレーハウス CoCo壱番屋 港北区日吉中央通り Curry House CoCo Ichibanya Kouhokuku Hiyoshichuodori,11:00,4.9,ﾏｲｷｬｯｽﾙ日吉1階,14,https://www.ubereats.com/ja-JP/yokohama/food-delivery/%E3%82%AB%E3%83%AC%E3%83%BC%E3%83%8F%E3%82%A6%E3%82%B9-coco%E5%A3%B1%E7%95%AA%E5%B1%8B-%E6%B8%AF%E5%8C%97%E5%8C%BA%E6%97%A5%E5%90%89%E4%B8%AD%E5%A4%AE%E9%80%9A%E3%82%8A-curry-house-coco-ichibanya-kouhokuku-hiyoshichuodori/geeOcwkIR1ihdYzmlaiiwg/
神奈川県川崎市中原区宮内4-7-19,21:00,https://www.ubereats.com/ja-JP/yokohama/food-delivery/%25E5%2592%258C%25E9%25A3%259F%25E3%2581%2595%25E3%2581%25A8-%25E5%25B7%259D%25E5%25B4%258E%25E7%25AD%2589%25E3%2580%2585%25E5%258A%259B-washoku-sato-kawasakitodoroki/hT04UgaDRFmBaZuSA8-v4A/location-and-hours/,35.5840971,139.6468688,和食さと 川崎等々力 Washoku Sato Kawasakitodoroki,11:00,3.9,Kanagawa,40,https://www.ubereats.com/ja-JP/yokohama/food-delivery/%E5%92%8C%E9%A3%9F%E3%81%95%E3%81%A8-%E5%B7%9D%E5%B4%8E%E7%AD%89%E3%80%85%E5%8A%9B-washoku-sato-kawasakitodoroki/hT04UgaDRFmBaZuSA8-v4A/
神奈川県川崎市中原区下小田中１ー２８ー１,20:30,https://www.ubereats.com/ja-JP/yokohama/food-delivery/%25E3%2582%25B5%25E3%2583%25BC%25E3%2583%2586%25E3%2582%25A3%25E3%2583%25AF%25E3%2583%25B3-%25E3%2582%25A2%25E3%2582%25A4%25E3%2582%25B9%25E3%2582%25AF%25E3%2583%25AA%25E3%2583%25BC%25E3%2583%25A0-%25E6%25AD%25A6%25E8%2594%25B5%25E4%25B8%25AD%25E5%258E%259F%25E3%2583%259E%25E3%2583%25AB%25E3%2582%25A8%25E3%2583%2584%25E5%25BA%2597-31-icecream-musashinakahara-maruetsu/Ou3sTH0BQOuWiph99860kA/location-and-hours/,35.5792816,139.639078,サーティワン アイスクリーム 武蔵中原マルエツ店 31 IceCream Musashinakahara Maruetsu,11:00,,211-0041,,https://www.ubereats.com/ja-JP/yokohama/food-delivery/%E3%82%B5%E3%83%BC%E3%83%86%E3%82%A3%E3%83%AF%E3%83%B3-%E3%82%A2%E3%82%A4%E3%82%B9%E3%82%AF%E3%83%AA%E3%83%BC%E3%83%A0-%E6%AD%A6%E8%94%B5%E4%B8%AD%E5%8E%9F%E3%83%9E%E3%83%AB%E3%82%A8%E3%83%84%E5%BA%97-31-icecream-musashinakahara-maruetsu/Ou3sTH0BQOuWiph99860kA/
神奈川県 川崎市 中原区 下小田中 1-5-25,21:00,https://www.ubereats.com/ja-JP/yokohama/food-delivery/%25E9%25A0%2582-%25E4%25B8%25BC%25E4%25B8%25B8-itadaki-donmaru/TtbJFAFKSwOhdiZE8oRxEA/location-and-hours/,35.5811182,139.6398493,頂 丼丸 Itadaki Donmaru,11:00,4.4,Kanagawa,49,https://www.ubereats.com/ja-JP/yokohama/food-delivery/%E9%A0%82-%E4%B8%BC%E4%B8%B8-itadaki-donmaru/TtbJFAFKSwOhdiZE8oRxEA/
神奈川県川崎市中原区上小田中６丁目２１－１４,22:00,https://www.ubereats.com/ja-JP/yokohama/food-delivery/%25E3%2582%25B7%25E3%2583%25A7%25E3%2583%258A%25E3%2582%25B5%25E3%2583%25B3-%25E6%25AD%25A6%25E8%2594%25B5%25E4%25B8%25AD%25E5%258E%259F%25E5%25BA%2597-jonathans-musashi-nakahara/9u5KHMo0SR6A93MJrcNUoQ/location-and-hours/,35.5805426,139.6423767,ジョナサン 武蔵中原店 Jonathan's Musashi Nakahara,10:00,4.6,211-0053,43,https://www.ubereats.com/ja-JP/yokohama/food-delivery/%E3%82%B7%E3%83%A7%E3%83%8A%E3%82%B5%E3%83%B3-%E6%AD%A6%E8%94%B5%E4%B8%AD%E5%8E%9F%E5%BA%97-jonathans-musashi-nakahara/9u5KHMo0SR6A93MJrcNUoQ/
神奈川県川崎市中原区宮内4-30-10,21:30,https://www.ubereats.com/ja-JP/yokohama/food-delivery/%25E3%2582%25B7%25E3%2583%25A7%25E3%2583%25AA%25E3%2583%25BC%25E3%2583%258F%25E3%2582%25B9%25E3%2582%25BF-%25E6%25AD%25A6%25E8%2594%25B5%25E5%25B0%258F%25E6%259D%2589%25E5%25BA%2597-jolly-pasta-musashi-kosugi/ParVoJgfQ2enwzYznD3laA/location-and-hours/,35.5859378,139.6432113,ジョリーパスタ 武蔵小杉店 Jolly Pasta Musashi Kosugi,11:00,,Kanagawa,,https://www.ubereats.com/ja-JP/yokohama/food-delivery/%E3%82%B7%E3%83%A7%E3%83%AA%E3%83%BC%E3%83%8F%E3%82%B9%E3%82%BF-%E6%AD%A6%E8%94%B5%E5%B0%8F%E6%9D%89%E5%BA%97-jolly-pasta-musashi-kosugi/ParVoJgfQ2enwzYznD3laA/
神奈川県川崎市中原区木月４丁目３８－４,22:00,https://www.ubereats.com/ja-JP/yokohama/food-delivery/%25E3%2582%25AF%25E3%2583%25A9%25E3%2583%2583%25E3%2583%2581%25E3%2582%25A7%25E3%2582%25AB%25E3%2583%25BC%25E3%2583%2586%25E3%2583%25B3%25E3%2582%25B9-%25E5%25B7%259D%25E5%25B4%258E%25E6%259C%25A8%25E6%259C%2588%25E5%25BA%2597-grazie-gardens-kawasaki-kizuki/hTCzc94KRLCrDXKrjL3jjg/location-and-hours/,35.5590738,139.6526413,グラッチェガーデンズ 川崎木月店 Grazie Gardens Kawasaki Kizuki,10:30,4.4,ビージェネテック２Ｆ,34,https://www.ubereats.com/ja-JP/yokohama/food-delivery/%E3%82%AF%E3%83%A9%E3%83%83%E3%83%81%E3%82%A7%E3%82%AB%E3%83%BC%E3%83%86%E3%83%B3%E3%82%B9-%E5%B7%9D%E5%B4%8E%E6%9C%A8%E6%9C%88%E5%BA%97-grazie-gardens-kawasaki-kizuki/hTCzc94KRLCrDXKrjL3jjg/
神奈川県横浜市港北区日吉本町１－１－６,21:00,https://www.ubereats.com/ja-JP/yokohama/food-delivery/%25E3%2583%2595%25E3%2582%25A1%25E3%2583%25BC%25E3%2582%25B9%25E3%2583%2588%25E3%2582%25AD%25E3%2583%2583%25E3%2583%2581%25E3%2583%25B3-%25E6%2597%25A5%25E5%2590%2589%25E5%25BA%2597-first-kitchen-hiyoshi/4ZftmrSsSgSorVm9GFC0GA/location-and-hours/,35.5537686,139.64621,ファーストキッチン 日吉店 First Kitchen HIYOSHI,11:00,4.3,HIKARUビル１F,318,https://www.ubereats.com/ja-JP/yokohama/food-delivery/%E3%83%95%E3%82%A1%E3%83%BC%E3%82%B9%E3%83%88%E3%82%AD%E3%83%83%E3%83%81%E3%83%B3-%E6%97%A5%E5%90%89%E5%BA%97-first-kitchen-hiyoshi/4ZftmrSsSgSorVm9GFC0GA/
神奈川県横浜市港北区日吉本町1-20-2,20:00,https://www.ubereats.com/ja-JP/yokohama/food-delivery/%25E6%259D%25BE%25E5%25B1%258B-%25E6%2597%25A5%25E5%2590%2589%25E5%25BA%2597-matsuya-hiyoshi/gjEY3RKQS2a61-hQ4_Ulog/location-and-hours/,35.5531342,139.645836,松屋 日吉店 Matsuya Hiyoshi,10:00,4.5,Kanagawa,49,https://www.ubereats.com/ja-JP/yokohama/food-delivery/%E6%9D%BE%E5%B1%8B-%E6%97%A5%E5%90%89%E5%BA%97-matsuya-hiyoshi/gjEY3RKQS2a61-hQ4_Ulog/
神奈川県川崎市中原区宮内4丁目7-12,22:00,https://www.ubereats.com/ja-JP/yokohama/food-delivery/%25E3%2583%2592%25E3%2583%2583%25E3%2582%25AF%25E3%2583%259B%25E3%2583%25BC%25E3%2582%25A4-%25E5%25B7%259D%25E5%25B4%258E%25E7%25AD%2589%25E3%2580%2585%25E5%258A%259B-bigboy-kawasakitodoroki/IA_Ki0-dQWe5SrytViO61A/location-and-hours/,35.5843471,139.6461931,ビッグボーイ 川崎等々力 BigBoy Kawasakitodoroki,11:00,4.5,Kanagawa,55,https://www.ubereats.com/ja-JP/yokohama/food-delivery/%E3%83%92%E3%83%83%E3%82%AF%E3%83%9B%E3%83%BC%E3%82%A4-%E5%B7%9D%E5%B4%8E%E7%AD%89%E3%80%85%E5%8A%9B-bigboy-kawasakitodoroki/IA_Ki0-dQWe5SrytViO61A/
神奈川県川崎市中原区上小田中6-17-7,21:15,https://www.ubereats.com/ja-JP/yokohama/food-delivery/%25E3%2581%25AA%25E3%2581%258B%25E5%258D%25AF-%25E6%25AD%25A6%25E8%2594%25B5%25E4%25B8%25AD%25E5%258E%259F%25E5%25BA%2597-nakau-musashi-nakahara/XE8PaiYeTK6-M-Q9Ezeugg/location-and-hours/,35.5792345,139.6447905,なか卯 武蔵中原店 Nakau Musashi-Nakahara,10:00,4.5,211-0053,330,https://www.ubereats.com/ja-JP/yokohama/food-delivery/%E3%81%AA%E3%81%8B%E5%8D%AF-%E6%AD%A6%E8%94%B5%E4%B8%AD%E5%8E%9F%E5%BA%97-nakau-musashi-nakahara/XE8PaiYeTK6-M-Q9Ezeugg/
神奈川県横浜市港北区日吉本町1-22-10,23:00,https://www.ubereats.com/ja-JP/yokohama/food-delivery/%25E5%2590%2589%25E9%2587%258E%25E5%25AE%25B6-%25E6%2597%25A5%25E5%2590%2589%25E9%25A7%2585%25E5%2589%258D%25E5%25BA%2597-yoshinoya-hiyoshi-ekimae/T74mbAPKS3ytNRS55MhbQQ/location-and-hours/,35.5531058,139.6462277,吉野家 日吉駅前店 Yoshinoya HIYOSHI-EKIMAE,10:00,4.5,223-0062,219,https://www.ubereats.com/ja-JP/yokohama/food-delivery/%E5%90%89%E9%87%8E%E5%AE%B6-%E6%97%A5%E5%90%89%E9%A7%85%E5%89%8D%E5%BA%97-yoshinoya-hiyoshi-ekimae/T74mbAPKS3ytNRS55MhbQQ/
神奈川県川崎市中原区今井仲町４－３１,22:00,https://www.ubereats.com/ja-JP/yokohama/food-delivery/%25E3%2583%258F%25E3%2583%25BC%25E3%2583%259F%25E3%2583%25A4%25E3%2583%25B3-%25E6%25AD%25A6%25E8%2594%25B5%25E5%25B0%258F%25E6%259D%2589%25E5%25BA%2597-bamiyan-musashi-kosugi/ZsbAOJktS4iy0rpst0X6TA/location-and-hours/,35.5769015,139.6509345,バーミヤン 武蔵小杉店 Bamiyan Musashi Kosugi,10:30,4.4,211-0065,329,https://www.ubereats.com/ja-JP/yokohama/food-delivery/%E3%83%8F%E3%83%BC%E3%83%9F%E3%83%A4%E3%83%B3-%E6%AD%A6%E8%94%B5%E5%B0%8F%E6%9D%89%E5%BA%97-bamiyan-musashi-kosugi/ZsbAOJktS4iy0rpst0X6TA/
神奈川県横浜市港北区日吉本町1-3-3,22:00,https://www.ubereats.com/ja-JP/yokohama/food-delivery/%25E3%2581%258B%25E3%2582%2589%25E3%2582%2584%25E3%2581%25BE-%25E6%2597%25A5%25E5%2590%2589%25E5%25BA%2597-karayama-hiyoshi/gqJViZhPTbSuTmX1mzVN5w/location-and-hours/,35.5538367,139.6453188,からやま 日吉店 Karayama HIYOSHI,10:30,4.5,力亭ビル１階東号,500,https://www.ubereats.com/ja-JP/yokohama/food-delivery/%E3%81%8B%E3%82%89%E3%82%84%E3%81%BE-%E6%97%A5%E5%90%89%E5%BA%97-karayama-hiyoshi/gqJViZhPTbSuTmX1mzVN5w/
神奈川県川崎市中原区上小田中４－２－１,23:00,https://www.ubereats.com/ja-JP/yokohama/food-delivery/%25E3%2583%259E%25E3%2582%25AF%25E3%2583%2588%25E3%2583%258A%25E3%2583%25AB%25E3%2583%2588-%25E3%2583%2592%25E3%2583%25BC%25E3%2583%25B3%25E3%2582%25B9%25E6%25AD%25A6%25E8%2594%25B5%25E4%25B8%25AD%25E5%258E%259F%25E5%25BA%2597-mcdonalds-beans-musashi-nakahara/7DKpURPwQByeEmOn-NOyUw/location-and-hours/,35.581376,139.640982,マクドナルド ビーンズ武蔵中原店 McDonald's BEANS MUSASHI NAKAHARA,10:30,4.5,2110053,500,https://www.ubereats.com/ja-JP/yokohama/food-delivery/%E3%83%9E%E3%82%AF%E3%83%88%E3%83%8A%E3%83%AB%E3%83%88-%E3%83%92%E3%83%BC%E3%83%B3%E3%82%B9%E6%AD%A6%E8%94%B5%E4%B8%AD%E5%8E%9F%E5%BA%97-mcdonalds-beans-musashi-nakahara/7DKpURPwQByeEmOn-NOyUw/
神奈川県横浜市港北区綱島東２－７－３１,22:00,https://www.ubereats.com/ja-JP/yokohama/food-delivery/%25E3%2583%2586%25E3%2583%258B%25E3%2583%25BC%25E3%2582%25B9-%25E7%25B6%25B1%25E5%25B3%25B6%25E6%259D%25B1%25E5%25BA%2597-dennys-tsunashimahigashi/Iy4Ff974Rz6kOaL0E1dyNA/location-and-hours/,35.5411079,139.6398592,デニーズ 綱島東店 Denny's TSUNASHIMAHIGASHI,11:00,4.5,223-0052,149,https://www.ubereats.com/ja-JP/yokohama/food-delivery/%E3%83%86%E3%83%8B%E3%83%BC%E3%82%B9-%E7%B6%B1%E5%B3%B6%E6%9D%B1%E5%BA%97-dennys-tsunashimahigashi/Iy4Ff974Rz6kOaL0E1dyNA/?promo=29f69e51-1820-4401-bdc3-4d4956761b8c
